Id,Date,University,Degree,Country,City,Do you understand that this is a paid course ?...3,Course Fee Email,Payment,Payment Receipt Sent,How did you hear about this course?,Gender,Age,Are you currently attending University / College?,Have you taken any foundational course in data science / econometrics / statistics / computer science?,"What programming language(s) are you most comfortable in (R, Python, Java, JS, etc.)? If none please type ""None"".",Prior Work Experience in Data Science or Machine Learning,Primary Reason for taking this course?,Do you understand that this is a paid course ?...21,"Prior Formal Education (course teaching or using R, university assignments, coding projects, course work, etc.) in R?","Prior Formal Education (course teaching or using Python, university assignments, coding projects, course work, etc.) in Python?",Prior Work Experience in R.,Prior Work Experience in Python.,"Personal Education or Knowledge (learning R on your own and/or doing personal projects, etc.) in R?",Do you have a LinkedIn Account?,"Do you have any feedback, thoughts, or comments you would like to share?",Latest Degree Completed or in Progress?
1,8/25/2022,University of Illinois,Bachelor of science in marketing and data analytics,Pakistan,Karachi,Yes,Sent,Paid,Yes,From a Friend,Male,23,No,Data Science,Have taken a course in R but not so comfortable. I have just gone through python and find it more doable.,Beginner (0 Years),"I did my major in marketing and due to my extensive interest in the field of analytics I did my minor in data analytics. The courses I took in minor helped me explore my hidden interest for analytics and data visualisation. I really love playing with the data and keenly interested in having a strong hold in this field. Hence, I believe it sounds like a great opportunity to scale my passion and career",Yes,Learner (1 Year or Less),Beginner (0 Years),None (0 Years),None (0 Years),Learner (1 Year or Less),TRUE,NA,Bachelors
2,8/22/2022,NED,M.E.,Pakistan,Karachi,No,Sent,Pending,NA,From a Friend,Female,32,No,Data Science,Python,Beginner (0 Years),Knowledge,No,Beginner (0 Years),Learner (1 Year or Less),None (0 Years),Some (1 Year or Less),Beginner (0 Years),None,NA,Masters
3,8/22/2022,"Univeristy of agriculture, Faislabad",Msc,Pakistan,Lahore,No,Sent,Pending,NA,"Social Media (Facebook, Whatsapp etc)",Male,22,No,None of them,Python,Beginner (0 Years),Learning,No,Learner (1 Year or Less),Learner (1 Year or Less),Some (1 Year or Less),Some (1 Year or Less),Learner (1 Year or Less),TRUE,Good,Masters
4,8/22/2022,IOBM,BS Software Engineering,Pakistan,Peshawar,No,Sent,Pending,NA,"Social Media (Facebook, Whatsapp etc)",Male,22,Yes,All of them,"R, paython",Learner (1 Year or Less),I'm planning to get my Mastet degree in Data Science so this will help me out in that and will get some knowledge and learn new things as well,No,Beginner (0 Years),Beginner (0 Years),None (0 Years),Some (1 Year or Less),Beginner (0 Years),TRUE,No comments,Bachelors
5,8/22/2022,IBA,Compute Science,Pakistan,Karachi,Yes,Sent,Maybe,NA,Other,Male,23,Yes,Computer Science,Java,Learner (1 Year or Less),"I am really interested in R, python and statistics. I wanted to learn and polish these tools to enhance my Data Science capabilities.",Yes,Beginner (0 Years),Intermediate (2-3 Years),None (0 Years),None (0 Years),Beginner (0 Years),TRUE,Looking forward learning with you. It's an amazing opportunity for me.,Bachelors
6,8/22/2022,IBA,Compute Science,Pakistan,Karachi,No,Sent,Pending,NA,"Social Media (Facebook, Whatsapp etc)",Male,23,Yes,Computer Science,"Java, Python, JS",Learner (1 Year or Less),Learning and experience,No,Beginner (0 Years),Learner (1 Year or Less),None (0 Years),None (0 Years),Beginner (0 Years),TRUE,NA,Bachelors
7,8/22/2022,IOBM,Compute Science,Pakistan,Peshawar,No,Sent,Pending,NA,Linkedin,Male,21,Yes,Data Science,Python and java,Learner (1 Year or Less),I love Data science and i have completed many courses from Coursera and YouTube and more i have done many projects for my learning and this course would help to grow and excel my skills in the field of data science,No,Learner (1 Year or Less),Learner (1 Year or Less),Some (1 Year or Less),Intermediate (2-3 Years),Learner (1 Year or Less),TRUE,NA,Bachelors
8,8/22/2022,SMIU,Compute Science,Pakistan,Karachi,Yes,Sent,Pending,NA,Other,Male,20,Yes,Computer Science,None,Beginner (0 Years),To learn new things,Yes,Beginner (0 Years),Beginner (0 Years),None (0 Years),None (0 Years),Beginner (0 Years),None,-,H.S.C
9,8/22/2022,Bahri,Compute Science,Pakistan,Islamabad,No,Sent,Pending,NA,Linkedin,Male,20,Yes,Computer Science,"Python , JavaScript , C++",Intermediate (2-3 Years),Revision of my foundation skills and development of industry best practices,No,Beginner (0 Years),Learner (1 Year or Less),Intermediate (2-3 Years),Intermediate (2-3 Years),Beginner (0 Years),TRUE,NA,Bachelors
10,8/22/2022,IBA,Accounting and Finance,Pakistan,Karachi,No,Sent,Pending,NA,Linkedin,Male,24,No,All of them,R and Python,Beginner (0 Years),Professional growth,No,Learner (1 Year or Less),Beginner (0 Years),Some (1 Year or Less),None (0 Years),Learner (1 Year or Less),TRUE,NA,Bachelors
11,8/22/2022,SMIU,BS in AI,Pakistan,Karachi,No,Sent,Pending,NA,"Other Internet forums (e.g Datacamp, Kaggle) ",Male,19,Yes,None of them,Python,Learner (1 Year or Less),I am currently doing BS AI and this course will help me alot to polish my skills and be more efficient to my vision,No,Beginner (0 Years),Intermediate (2-3 Years),None (0 Years),Some (1 Year or Less),Beginner (0 Years),TRUE,NA,Bachelors
12,8/22/2022,SMIU,BS in AI,Pakistan,Karachi,No,Sent,Pending,NA,From a Friend,Female,20,Yes,Data Science,Python,Learner (1 Year or Less),I wnat this internship to enhance my experience and skills,No,Beginner (0 Years),Intermediate (2-3 Years),None (0 Years),Intermediate (2-3 Years),Beginner (0 Years),TRUE,No,Bachelors
13,8/22/2022,SMIU,BS in AI,Pakistan,Karachi,Yes,Sent,Pending,NA,"Other Internet forums (e.g Datacamp, Kaggle) ",Male,19,Yes,Computer Science,Python,Intermediate (2-3 Years),To become professional in this course,Yes,Learner (1 Year or Less),Intermediate (2-3 Years),Some (1 Year or Less),Intermediate (2-3 Years),Beginner (0 Years),TRUE,No,H.S.C
14,8/22/2022,SMIU,BS Software Engineering,Pakistan,Karachi,Yes,Sent,Pending,NA,"Social Media (Facebook, Whatsapp etc)",Male,20,Yes,Data Science,Python,Learner (1 Year or Less),Tos learn Data Science,Yes,Beginner (0 Years),Intermediate (2-3 Years),None (0 Years),None (0 Years),Beginner (0 Years),TRUE,Nil,H.S.C
15,8/22/2022,KU Leuven,Data Sciences,Pakistan,Karachi,Yes,Sent,Pending,NA,"Social Media (Facebook, Whatsapp etc)",Male,28,No,All of them,Python,Learner (1 Year or Less),Develop my skillset,Yes,Learner (1 Year or Less),Learner (1 Year or Less),None (0 Years),Some (1 Year or Less),Beginner (0 Years),TRUE,NA,Masters
16,8/22/2022,LUMS,Economics,Pakistan,Lahore,Yes,Sent,Paid,NA,"Social Media (Facebook, Whatsapp etc)",Male,21,No,Econometrics,R and Python,Beginner (0 Years),I want to enter in the field of Data Science and in future I want to do Master in Data Science. I want to build my basics and to gain some work experience in this field.,Yes,Learner (1 Year or Less),Beginner (0 Years),None (0 Years),None (0 Years),Beginner (0 Years),TRUE,NA,Bachelors
17,8/22/2022,COMSATS,Electrical Engineering,Pakistan,Islamabad,No,Sent,Paid,NA,From a Friend,Male,26,No,Data Science,Python,Learner (1 Year or Less),To enhance Data science application in business,No,Learner (1 Year or Less),Intermediate (2-3 Years),None (0 Years),Intermediate (2-3 Years),Beginner (0 Years),Non,NA,Bachelors
18,8/22/2022,IBA,Marketing analytics,Pakistan,Karachi,No,Sent,Maybe,NA,"Social Media (Facebook, Whatsapp etc)",Male,22,Yes,Statisitics,R,Learner (1 Year or Less),To pursue my goal to become a marketing analyst and  and business analyst.,No,Learner (1 Year or Less),Beginner (0 Years),Some (1 Year or Less),None (0 Years),Learner (1 Year or Less),TRUE,It would be a great opportunity for me to do this internship and learn the core analytical skills. Looking forward to hear from you.,Bachelors
19,8/22/2022,IBA,Compute Science,Pakistan,Karachi,No,Sent,Pending,NA,"Social Media (Facebook, Whatsapp etc)",Male,21,Yes,Statisitics,Java,Beginner (0 Years),To make a career in the field of Data Science,No,Beginner (0 Years),Learner (1 Year or Less),None (0 Years),None (0 Years),Beginner (0 Years),TRUE,NA,Bachelors
20,8/22/2022,IBA,Economics,Pakistan,Karachi,Yes,Sent,Pending,NA,"Social Media (Facebook, Whatsapp etc)",Male,22,Yes,Data Science,R and SQL,Beginner (0 Years),To involve in data science role,Yes,Beginner (0 Years),Beginner (0 Years),None (0 Years),None (0 Years),Beginner (0 Years),None,NA,Bachelors
21,8/22/2022,Bachelors in Engineering,BS Software Engineering,Pakistan,Karachi,No,Sent,Pending,NA,"Social Media (Facebook, Whatsapp etc)",Male,27,No,Computer Science,JS,Beginner (0 Years),Pursue career in data science,No,Beginner (0 Years),Beginner (0 Years),None (0 Years),None (0 Years),Beginner (0 Years),TRUE,NA,Bachelors
22,8/22/2022,IBA,Accounting and Finance,Pakistan,Karachi,Yes,Sent,Pending,NA,"Social Media (Facebook, Whatsapp etc)",Female,23,No,Econometrics,None,Beginner (0 Years),Career Growth and opportunities,Yes,Beginner (0 Years),Beginner (0 Years),None (0 Years),None (0 Years),Beginner (0 Years),TRUE,NA,Bachelors
23,8/22/2022,IBA,Business Administration,Pakistan,Karachi,Yes,Sent,Pending,NA,"Social Media (Facebook, Whatsapp etc)",Male,19,Yes,Data Science,None,Beginner (0 Years),"I have learnt about Data Analytics, but not Data Science. Hence, I want to improve this field to explore more about data.",Yes,Beginner (0 Years),Beginner (0 Years),None (0 Years),None (0 Years),Beginner (0 Years),TRUE,NA,Bachelors
24,8/22/2022,IBA,Compute Science,Pakistan,Karachi,Yes,Sent,Pending,NA,"Social Media (Facebook, Whatsapp etc)",Male,20,Yes,None of them,None,Beginner (0 Years),To learn more about data science,Yes,Beginner (0 Years),Beginner (0 Years),None (0 Years),None (0 Years),Beginner (0 Years),None,NA,Bachelors
25,8/22/2022,Bahri,Process,Pakistan,Karachi,Yes,Sent,Pending,NA,"Social Media (Facebook, Whatsapp etc)",Female,22,No,None of them,I havenâ€™t done this before but I want to learn this skill.,Beginner (0 Years),To learn new skill and improvise,Yes,Beginner (0 Years),Beginner (0 Years),None (0 Years),None (0 Years),Beginner (0 Years),None,I just hope to learn this in the best ways possible and grow further in this respective field.,H.S.C
26,8/22/2022,NED,BS Software Engineering,Pakistan,Karachi,No,Sent,Pending,NA,"Social Media (Facebook, Whatsapp etc)",Male,25,Yes,Data Science,Pyhton,Beginner (0 Years),Promoting our future goal in data science field,No,Beginner (0 Years),Advanced (4+),None (0 Years),Advanced (4+),Beginner (0 Years),TRUE,This is a great opportunity to polish skills in data science field,Bachelors
27,8/22/2022,SMIU,Compute Science,Pakistan,Karachi,No,Sent,Pending,NA,From a Friend,Male,23,Yes,None of them,Python,Beginner (0 Years),I am passionate about data and data science thats why i want to take a part in this program,No,Beginner (0 Years),Intermediate (2-3 Years),None (0 Years),Some (1 Year or Less),Beginner (0 Years),TRUE,A good initiative,H.S.C
28,8/22/2022,LUMS,Electrical Engineering,Pakistan,Lahore,No,Sent,Pending,NA,"Social Media (Facebook, Whatsapp etc)",Male,20,Yes,Computer Science,"Python, C++,  MATLAB,  JS,",Beginner (0 Years),Improve skillset,No,Beginner (0 Years),Learner (1 Year or Less),None (0 Years),None (0 Years),Beginner (0 Years),TRUE,NA,Bachelors
29,8/22/2022,LGU,Economics,Pakistan,Karachi,Yes,Sent,Maybe,NA,"Social Media (Facebook, Whatsapp etc)",Male,25,No,None of them,SQL,Beginner (0 Years),Learning,Yes,Beginner (0 Years),Beginner (0 Years),None (0 Years),None (0 Years),Beginner (0 Years),TRUE,Please let me know if there are any discounts available; course seems value-packed but a bit over my budget at this point in time. Great initiative though! :),Bachelors
30,8/22/2022,IBA,BS SOCIAL SCIENCES & LIBERAL ARTS,Pakistan,Karachi,Yes,Sent,Pending,NA,"Social Media (Facebook, Whatsapp etc)",Female,27,No,Statisitics,NONE,Beginner (0 Years),Switching my career to data analytics,Yes,Beginner (0 Years),Beginner (0 Years),None (0 Years),None (0 Years),Beginner (0 Years),TRUE,NA,Bachelors
31,8/22/2022,IBA,Economics,Pakistan,Karachi,No,Sent,Pending,NA,"Social Media (Facebook, Whatsapp etc)",Male,24,No,Statisitics,None,Beginner (0 Years),Learning and getting skill,No,Beginner (0 Years),Beginner (0 Years),Some (1 Year or Less),None (0 Years),Beginner (0 Years),TRUE,NA,Bachelors
32,8/22/2022,IBA,Economics,Pakistan,Karachi,Yes,Sent,Pending,NA,"Social Media (Facebook, Whatsapp etc)",Male,23,No,Econometrics,Python,Beginner (0 Years),Learn Data Science,Yes,Beginner (0 Years),Learner (1 Year or Less),None (0 Years),None (0 Years),Beginner (0 Years),TRUE,NA,Bachelors
33,8/22/2022,IOBM,Accounting and Finance,Pakistan,Lahore,Yes,Sent,Pending,NA,"Social Media (Facebook, Whatsapp etc)",Male,22,Yes,Computer Science,"Python, C++, VB",Beginner (0 Years),"I want to expand my skill base, branch out from the usual Accounting and Finance stuff",Yes,Beginner (0 Years),Learner (1 Year or Less),None (0 Years),None (0 Years),Beginner (0 Years),TRUE,"Not really, but would appreciate if the course fee could be lowered as coupled with the university expenses, students who are paying for this out of their own pocket might be discouraged to take up this course.",Bachelors
34,8/22/2022,IBA,Accounting and Finance,Pakistan,Karachi,Yes,Sent,Paid,Yes,"Social Media (Facebook, Whatsapp etc)",Male,19,Yes,All of them,Python,Beginner (0 Years),"need to blend my finance knowledge with data science, trying to become a financial data scientist",Yes,Learner (1 Year or Less),Intermediate (2-3 Years),None (0 Years),None (0 Years),Beginner (0 Years),TRUE,NA,Bachelors
35,8/22/2022,IBA,Accounting and Finance,Pakistan,Karachi,Yes,Sent,Pending,NA,"Social Media (Facebook, Whatsapp etc)",Male,23,No,Statisitics,None,Beginner (0 Years),Want to pursue furthur education in Data science,Yes,Beginner (0 Years),Beginner (0 Years),None (0 Years),None (0 Years),Beginner (0 Years),TRUE,I hope that this course entails to beginners as well as I am from a different discipline,Bachelors
36,8/24/2022,QU,Statistics,Pakistan,Islamabad,Yes,Sent,Paid,Yes,Linkedin,Female,23,Yes,None of them,Only in R,Beginner (0 Years),To enhance my skills or to learn,Yes,Learner (1 Year or Less),Beginner (0 Years),None (0 Years),None (0 Years),Learner (1 Year or Less),TRUE,I want to do this course and it's content is awesome,Bachelors
37,8/22/2022,SMIU,Compute Science,Pakistan,Karachi,No,Sent,Pending,NA,"Social Media (Facebook, Whatsapp etc)",Male,22,Yes,All of them,Python,Learner (1 Year or Less),The primary motive for taking this course is to learn with friendly environment and work on open source project to gain experience,No,Beginner (0 Years),Learner (1 Year or Less),None (0 Years),Some (1 Year or Less),Beginner (0 Years),TRUE,It's a request that please charge fees of course which is affordable for everyone because in this situation we are not having any job so please address this issue also,Bachelors
38,8/22/2022,PUCIT,Compute Science,Pakistan,Lahore,No,Sent,Pending,NA,From a Friend,Male,25,No,Computer Science,Python,Intermediate (2-3 Years),Increase my skill level,No,Beginner (0 Years),Intermediate (2-3 Years),None (0 Years),Intermediate (2-3 Years),Beginner (0 Years),TRUE,None,Bachelors
39,8/22/2022,IOBM,Economics,Pakistan,Lahore,Yes,Sent,Pending,NA,"Social Media (Facebook, Whatsapp etc)",Male,21,Yes,All of them,Python and R,Beginner (0 Years),Industrial Exposure,Yes,Learner (1 Year or Less),Learner (1 Year or Less),None (0 Years),None (0 Years),Beginner (0 Years),None,NA,Bachelors
40,8/22/2022,IBA,Economics,Pakistan,Karachi,Yes,Sent,Pending,NA,"Social Media (Facebook, Whatsapp etc)",Female,21,Yes,Statisitics,Python,Beginner (0 Years),Polishing my skills,Yes,Beginner (0 Years),Beginner (0 Years),None (0 Years),None (0 Years),Beginner (0 Years),TRUE,None,Bachelors
41,8/22/2022,KU,Electrical Engineering,Pakistan,Karachi,Yes,Sent,Pending,NA,"Social Media (Facebook, Whatsapp etc)",Male,26,No,Data Science,"R,Python",Learner (1 Year or Less),Opportunity to start career in Data science,Yes,Learner (1 Year or Less),Learner (1 Year or Less),Some (1 Year or Less),Some (1 Year or Less),Learner (1 Year or Less),TRUE,none,Bachelors
42,8/22/2022,IQRA,BS Software Engineering,Pakistan,Karachi,No,Sent,Pending,NA,"Social Media (Facebook, Whatsapp etc)",Male,24,No,Computer Science,Python,Beginner (0 Years),Want to change my field,No,Beginner (0 Years),Learner (1 Year or Less),None (0 Years),Some (1 Year or Less),Beginner (0 Years),TRUE,No,Bachelors
43,8/22/2022,IQRA,Compute Science,Pakistan,Karachi,No,Sent,Pending,NA,"Social Media (Facebook, Whatsapp etc)",Male,26,No,Computer Science,Java,Beginner (0 Years),I'm a Project Head at Tech Hunt. And in future we have so many projects related to Data Science and Data Analytics in that case I have to know about these.,No,Beginner (0 Years),Beginner (0 Years),None (0 Years),Some (1 Year or Less),Beginner (0 Years),TRUE,Not now,Bachelors
44,8/22/2022,Aga Khan Higher Secondary,Compute Science,Pakistan,Karachi,No,Sent,Pending,NA,Other,Female,21,Yes,Data Science,"Python,JS",Learner (1 Year or Less),To seek understanding of industry practices,No,Beginner (0 Years),Intermediate (2-3 Years),None (0 Years),None (0 Years),Beginner (0 Years),TRUE,NA,H.S.C
45,8/22/2022,IQRA,Bs,Pakistan,Karachi,No,Sent,Pending,NA,"Social Media (Facebook, Whatsapp etc)",Male,21,Yes,Computer Science,Java,Intermediate (2-3 Years),For increase my skills,No,Intermediate (2-3 Years),Intermediate (2-3 Years),None (0 Years),Some (1 Year or Less),Beginner (0 Years),TRUE,No,Bachelors
46,8/22/2022,IQRA,Compute Science,Pakistan,Karachi,No,Sent,Pending,NA,From a Friend,Male,26,No,All of them,"Python, Java.",Learner (1 Year or Less),To have a career in machine learing field.,No,Beginner (0 Years),Learner (1 Year or Less),None (0 Years),Some (1 Year or Less),Beginner (0 Years),TRUE,NA,Bachelors
47,8/22/2022,KU,BS Software Engineering,Pakistan,Karachi,No,Sent,Pending,NA,"Social Media (Facebook, Whatsapp etc)",Male,28,No,Computer Science,None,Beginner (0 Years),Personal Interest toward Data Engineering,No,Beginner (0 Years),Beginner (0 Years),None (0 Years),None (0 Years),Beginner (0 Years),TRUE,None,Bachelors
48,8/22/2022,IQRA,Compute Science,Pakistan,Karachi,Yes,Sent,Pending,NA,From a Teacher,Male,24,No,Computer Science,None,Beginner (0 Years),"I want to know about data science, and want to start my career in data science, data analytics",Yes,Beginner (0 Years),Beginner (0 Years),None (0 Years),None (0 Years),Beginner (0 Years),TRUE,NA,Bachelors
49,8/22/2022,SZABIST,Compute Science,Pakistan,Karachi,Yes,Sent,Pending,NA,"Social Media (Facebook, Whatsapp etc)",Female,23,Yes,Computer Science,Java and javascript,Beginner (0 Years),I want to learn new innovative things,Yes,Beginner (0 Years),Beginner (0 Years),None (0 Years),Some (1 Year or Less),Beginner (0 Years),TRUE,NA,Bachelors
50,8/22/2022,IQRA,BS Software Engineering,Pakistan,Karachi,No,Sent,Pending,NA,From a Friend,Male,23,No,Data Science,"Python, java",Beginner (0 Years),To enhance my career in the domain of data science,No,Learner (1 Year or Less),Learner (1 Year or Less),None (0 Years),None (0 Years),Beginner (0 Years),TRUE,NA,Bachelors
51,8/22/2022,Goverment degree science college malir,Incomplete Infromation,Pakistan,Karachi,Yes,Sent,Pending,NA,From a Friend,Male,18,Yes,Computer Science,"Java , JS , python",Beginner (0 Years),To increase my skills,Yes,Beginner (0 Years),Beginner (0 Years),Some (1 Year or Less),None (0 Years),Learner (1 Year or Less),None,NA,H.S.C
52,8/22/2022,IOBM,Statistics,Pakistan,Karachi,No,Sent,Pending,NA,From a Friend,Male,29,Yes,All of them,"R, Python",Learner (1 Year or Less),Want to Excel in the field of data science,No,Learner (1 Year or Less),Learner (1 Year or Less),None (0 Years),None (0 Years),Learner (1 Year or Less),None,No,Masters
53,8/22/2022,IBA,Data Sciences,Pakistan,Karachi,No,Sent,Pending,NA,"Social Media (Facebook, Whatsapp etc)",Male,24,Yes,None of them,None,Beginner (0 Years),Learning about Data Science,No,Beginner (0 Years),Beginner (0 Years),None (0 Years),None (0 Years),Beginner (0 Years),none,none,Masters
54,8/22/2022,IQRA,Compute Science,Pakistan,Karachi,No,Sent,Pending,NA,"Social Media (Facebook, Whatsapp etc)",Male,23,No,Computer Science,Python,Beginner (0 Years),I am planning to do masters in data science so before I enrolled in Masters this course would be beneficial for me to enhance my skills,No,Beginner (0 Years),Beginner (0 Years),None (0 Years),None (0 Years),Beginner (0 Years),None,NA,Bachelors
55,8/22/2022,IQRA,Compute Science,Pakistan,Karachi,No,Sent,Pending,NA,"Social Media (Facebook, Whatsapp etc)",Male,23,Yes,Computer Science,"Js, Java",Beginner (0 Years),I want constantly learn new technologies,No,Learner (1 Year or Less),Learner (1 Year or Less),None (0 Years),Some (1 Year or Less),Beginner (0 Years),TRUE,Na,Bachelors
56,8/22/2022,IBA,Accounting and Finance,Pakistan,Karachi,No,Sent,Pending,NA,"Social Media (Facebook, Whatsapp etc)",Female,22,Yes,Statisitics,Python,Beginner (0 Years),Would love to learn and diverse my knowledge,No,Beginner (0 Years),Beginner (0 Years),None (0 Years),None (0 Years),Beginner (0 Years),None,None,H.S.C
57,8/22/2022,IQRA,Compute Science,Pakistan,Karachi,No,Sent,Pending,NA,From a Friend,Male,26,No,Computer Science,None,Beginner (0 Years),Learning,No,Beginner (0 Years),Beginner (0 Years),None (0 Years),None (0 Years),Beginner (0 Years),TRUE,NA,Bachelors
58,8/22/2022,IBA,Accounting and Finance,Pakistan,Karachi,No,Sent,Pending,NA,"Social Media (Facebook, Whatsapp etc)",Male,23,No,Statisitics,None,Beginner (0 Years),To get more skills,No,Beginner (0 Years),Beginner (0 Years),None (0 Years),None (0 Years),Beginner (0 Years),TRUE,NA,Bachelors
59,8/22/2022,IQRA,Compute Science,Pakistan,Karachi,No,Sent,Pending,NA,"Social Media (Facebook, Whatsapp etc)",Male,24,No,Computer Science,Python,Beginner (0 Years),I wanna learn python,No,Learner (1 Year or Less),Learner (1 Year or Less),Some (1 Year or Less),Some (1 Year or Less),Intermediate (2-3 Years),TRUE,No,Bachelors
60,8/22/2022,IBA,Economics,Pakistan,Karachi,No,Sent,Pending,NA,"Social Media (Facebook, Whatsapp etc)",Male,24,Yes,Econometrics,Python,Beginner (0 Years),Enhance my coding skills for programming and gain experience to get a decent job in  IT sector.,No,Beginner (0 Years),Beginner (0 Years),None (0 Years),None (0 Years),Beginner (0 Years),TRUE,NA,Bachelors
61,8/22/2022,IBA,Bs EM,Pakistan,Karachi,Yes,Sent,Pending,NA,Linkedin,Male,20,Yes,All of them,"Python, java",Intermediate (2-3 Years),To gain real skill and market exposure,Yes,Intermediate (2-3 Years),Intermediate (2-3 Years),None (0 Years),Some (1 Year or Less),Learner (1 Year or Less),None,NA,Bachelors
62,8/22/2022,IQRA,BS Software Engineering,Pakistan,Karachi,No,Sent,Pending,NA,From a Friend,Male,25,No,None of them,java,Beginner (0 Years),Want to learn,No,Learner (1 Year or Less),Beginner (0 Years),None (0 Years),None (0 Years),Beginner (0 Years),TRUE,No,Bachelors
63,8/22/2022,IBA,Mathematics,Pakistan,Gilgit,No,Sent,Pending,NA,"Social Media (Facebook, Whatsapp etc)",Female,21,No,All of them,R and python,Learner (1 Year or Less),Enhace my knowledge about data science and improving myjob prospects,No,Intermediate (2-3 Years),Learner (1 Year or Less),Intermediate (2-3 Years),Some (1 Year or Less),Beginner (0 Years),TRUE,What is the criteria for getting a financial aid to complete the course?,Masters
64,8/25/2022,IBA,Compute Science,Pakistan,Karachi,No,Sent,Paid,Yes,"Social Media (Facebook, Whatsapp etc)",Female,31,No,Computer Science,Python,Learner (1 Year or Less),Hands-on practical learning,No,Learner (1 Year or Less),Learner (1 Year or Less),None (0 Years),Intermediate (2-3 Years),Beginner (0 Years),TRUE,NA,Bachelors
65,8/22/2022,KU,BS Software Engineering,Pakistan,Karachi,Yes,Sent,Pending,NA,"Social Media (Facebook, Whatsapp etc)",Male,23,Yes,All of them,Python,Learner (1 Year or Less),For career development,Yes,Beginner (0 Years),Intermediate (2-3 Years),None (0 Years),Intermediate (2-3 Years),Beginner (0 Years),TRUE,NA,Bachelors
66,8/22/2022,Baqai medical University,BS Software Engineering,Pakistan,Karachi,No,Sent,Pending,NA,Other,Male,25,Yes,Data Science,C sharp,Beginner (0 Years),field already software side,No,Beginner (0 Years),Beginner (0 Years),None (0 Years),None (0 Years),Beginner (0 Years),TRUE,Yes,Bachelors
67,8/22/2022,IBA,Accounting and Finance,Pakistan,Karachi,No,Sent,Pending,NA,From a Friend,Male,21,Yes,Statisitics,Python,Beginner (0 Years),Wanna Perue a career in somewhat intersection of data science and finance,No,Beginner (0 Years),Learner (1 Year or Less),None (0 Years),None (0 Years),Beginner (0 Years),TRUE,No,Bachelors
68,8/22/2022,IQRA,BS Software Engineering,Pakistan,Karachi,No,Sent,Pending,NA,"Social Media (Facebook, Whatsapp etc)",Male,26,No,Computer Science,.NET CORE,Intermediate (2-3 Years),IMPROVE SKILLS,No,Beginner (0 Years),Learner (1 Year or Less),Some (1 Year or Less),Some (1 Year or Less),Beginner (0 Years),NONE,NA,Bachelors
69,8/22/2022,SMIU,BS in AI,Pakistan,Karachi,Yes,Sent,Pending,NA,"University Forums (Alumni,Senior, Career forums)",Female,21,Yes,Data Science,Python,Learner (1 Year or Less),To explore and to learn new thing because my aim is to become a best Data scientist,Yes,Beginner (0 Years),Intermediate (2-3 Years),None (0 Years),Some (1 Year or Less),Beginner (0 Years),TRUE,I am very passionate about my field and right now i want this opportunity so that i can learn new things.,Bachelors
70,8/22/2022,IBA,Economics,Pakistan,Karachi,No,Sent,Pending,NA,"University Forums (Alumni,Senior, Career forums)",Female,25,No,All of them,Python,Learner (1 Year or Less),To furnish the skills,No,Learner (1 Year or Less),Learner (1 Year or Less),None (0 Years),None (0 Years),Learner (1 Year or Less),TRUE,No paid,Bachelors
71,8/22/2022,University of Central Punjab,Compute Science,Pakistan,Lahore,Yes,Sent,Pending,NA,"Social Media (Facebook, Whatsapp etc)",Male,23,No,Computer Science,"Python, Java, PHP, C++",Learner (1 Year or Less),Want To Explore New Things In Data Sciences,Yes,Learner (1 Year or Less),Intermediate (2-3 Years),Some (1 Year or Less),Intermediate (2-3 Years),Learner (1 Year or Less),TRUE,NA,Bachelors
72,8/22/2022,Superior University,Compute Science,Pakistan,Lahore,No,Sent,Pending,NA,"Social Media (Facebook, Whatsapp etc)",Male,22,No,Computer Science,JS,Beginner (0 Years),To get a good job.,No,Beginner (0 Years),Beginner (0 Years),None (0 Years),None (0 Years),Beginner (0 Years),TRUE,NA,Bachelors
73,8/22/2022,NED,Accounting and Finance,Pakistan,Karachi,No,Sent,Pending,NA,"Social Media (Facebook, Whatsapp etc)",Female,24,No,All of them,"Python, PL/SQL",Learner (1 Year or Less),Want to enhance my skillsets more towards data science,No,Beginner (0 Years),Intermediate (2-3 Years),None (0 Years),Intermediate (2-3 Years),Beginner (0 Years),TRUE,I wants to make my identity in data science industry by opting this opportunity.,Bachelors
74,8/22/2022,IQRA,Compute Science,Pakistan,Karachi,Yes,Sent,Pending,NA,"University Forums (Alumni,Senior, Career forums)",Male,26,Yes,Data Science,pythob,Beginner (0 Years),i have a interest,Yes,Beginner (0 Years),Beginner (0 Years),None (0 Years),Some (1 Year or Less),Learner (1 Year or Less),TRUE,none,Bachelors
75,8/22/2022,IQRA,Incomplete Infromation,Pakistan,Karachi,No,Sent,Pending,NA,"Social Media (Facebook, Whatsapp etc)",Female,24,No,Computer Science,Python,Beginner (0 Years),I want to learn,No,Beginner (0 Years),Learner (1 Year or Less),None (0 Years),None (0 Years),Learner (1 Year or Less),TRUE,No,Bachelors
76,8/22/2022,GCU Lahore,BS,Pakistan,Lahore,No,Sent,Pending,NA,"Social Media (Facebook, Whatsapp etc)",Male,23,Yes,Data Science,C++ and Python,Beginner (0 Years),To get hands on training from professionals,No,Beginner (0 Years),Learner (1 Year or Less),None (0 Years),None (0 Years),Beginner (0 Years),TRUE,Nil,Bachelors
77,8/22/2022,IBA,Business Administration,Pakistan,Karachi,Yes,Sent,Pending,NA,"Social Media (Facebook, Whatsapp etc)",Male,23,Yes,None of them,None,Beginner (0 Years),I am pursuing Actuarial Sciences and this will help later in ny career,Yes,Beginner (0 Years),Beginner (0 Years),None (0 Years),None (0 Years),Beginner (0 Years),TRUE,NA,Bachelors
78,8/22/2022,IQRA,Business Administration,Pakistan,Karachi,No,Sent,Pending,NA,"Social Media (Facebook, Whatsapp etc)",Male,20,Yes,None of them,None,Learner (1 Year or Less),IAM interested in this course,No,Beginner (0 Years),Beginner (0 Years),None (0 Years),None (0 Years),Beginner (0 Years),TRUE,This course is free or paid,Bachelors
79,8/22/2022,Dha suffa university,Compute Science,Pakistan,Karachi,No,Sent,Pending,NA,From a Friend,Male,22,No,Data Science,python,Learner (1 Year or Less),to get job,No,Beginner (0 Years),Intermediate (2-3 Years),None (0 Years),Intermediate (2-3 Years),Beginner (0 Years),TRUE,NA,Bachelors
80,8/22/2022,IQRA,BS Software Engineering,Pakistan,Karachi,No,Sent,Pending,NA,Linkedin,Male,24,No,All of them,Python,Beginner (0 Years),Learn something new,No,Learner (1 Year or Less),Beginner (0 Years),None (0 Years),None (0 Years),Beginner (0 Years),TRUE,How long you take time to inform me related to the course,Bachelors
81,8/22/2022,QU,Information Technology,Pakistan,Islamabad,No,Sent,Pending,NA,From a Friend,Male,24,No,Computer Science,Python,Learner (1 Year or Less),Because this is most demanded field In future,No,Beginner (0 Years),Beginner (0 Years),None (0 Years),None (0 Years),Beginner (0 Years),None,Thanks,Bachelors
82,8/22/2022,The Islamia University of Bahawalpur,Compute Science,Pakistan,Lahore,No,Sent,Pending,NA,"Social Media (Facebook, Whatsapp etc)",Female,25,No,Computer Science,C#,Beginner (0 Years),"I am interested in Data Science and Machine Learning that's why, I would like to do this Course.",No,Beginner (0 Years),Beginner (0 Years),None (0 Years),None (0 Years),Beginner (0 Years),None,NA,Bachelors
83,8/22/2022,SSUET,BS in AI,Pakistan,Karachi,No,Sent,Pending,NA,"Social Media (Facebook, Whatsapp etc)",Female,20,Yes,Data Science,Python Javascript,Learner (1 Year or Less),I want to become machine learning engineer,No,Learner (1 Year or Less),Learner (1 Year or Less),None (0 Years),Some (1 Year or Less),Beginner (0 Years),TRUE,no,H.S.C
84,8/22/2022,SMIU,BS in AI,Pakistan,Karachi,No,Sent,Pending,NA,"Social Media (Facebook, Whatsapp etc)",Male,21,Yes,Data Science,Python,Learner (1 Year or Less),To gain some experience,No,Beginner (0 Years),Intermediate (2-3 Years),None (0 Years),Some (1 Year or Less),Beginner (0 Years),TRUE,Its a great opportunity for fresh students to familiar with data science,H.S.C
85,8/22/2022,IQRA,BS Software Engineering,Pakistan,Karachi,No,Sent,Pending,NA,From a Teacher,Male,21,Yes,Data Science,Java &  python,Beginner (0 Years),To Learn more new things,No,Beginner (0 Years),Beginner (0 Years),None (0 Years),None (0 Years),Beginner (0 Years),TRUE,Hope I will learn new era things in data science,H.S.C
86,8/22/2022,QU,Economics,Pakistan,Lahore,No,Sent,Pending,NA,"Social Media (Facebook, Whatsapp etc)",Male,22,Yes,All of them,None,Learner (1 Year or Less),To learn more about data science especially want to  understand how to use softwares especially Python and R.,No,Beginner (0 Years),Beginner (0 Years),None (0 Years),None (0 Years),Beginner (0 Years),TRUE,Nope.,Masters
87,8/22/2022,The Islamia University of Bahawalpur,Compute Science,Pakistan,Lahore,No,Sent,Pending,NA,Linkedin,Male,21,No,Computer Science,Python,Beginner (0 Years),I want to sharp up my skills regarding Data Science and Machine Learning.,No,Beginner (0 Years),Learner (1 Year or Less),None (0 Years),Some (1 Year or Less),Beginner (0 Years),TRUE,My addition to your software company would be beneficial for both.,Bachelors
88,8/22/2022,SirSyed,BS Software Engineering,Pakistan,Karachi,No,Sent,Pending,NA,"Social Media (Facebook, Whatsapp etc)",Male,23,Yes,Statisitics,Python,Beginner (0 Years),Passion in Data science,No,Beginner (0 Years),Learner (1 Year or Less),None (0 Years),Some (1 Year or Less),Intermediate (2-3 Years),TRUE,No,Bachelors
89,8/22/2022,Adamjee Government Science College,Pre-Engineering,Pakistan,Karachi,No,Sent,Pending,NA,"Social Media (Facebook, Whatsapp etc)",Male,20,No,Computer Science,"python,Js",Beginner (0 Years),I want to learn data science and artificial intelligence in future because Ai is future.,No,Beginner (0 Years),Learner (1 Year or Less),None (0 Years),None (0 Years),Beginner (0 Years),TRUE,This is a great oppurtunity for the student who want to make future bright with the help of this company.,H.S.C
90,8/22/2022,SirSyed,BS Software Engineering,Pakistan,Karachi,No,Sent,Pending,NA,"Social Media (Facebook, Whatsapp etc)",Male,22,No,Computer Science,"JS, Java",Beginner (0 Years),Hands on experience,No,Beginner (0 Years),Learner (1 Year or Less),None (0 Years),Some (1 Year or Less),Beginner (0 Years),TRUE,NA,Bachelors
91,8/22/2022,SirSyed,BS Software Engineering,Pakistan,Karachi,Yes,Sent,Pending,NA,From a Friend,Male,24,No,All of them,"R, python",Beginner (0 Years),Expand my experience in data science.,Yes,Intermediate (2-3 Years),Intermediate (2-3 Years),Some (1 Year or Less),Intermediate (2-3 Years),Learner (1 Year or Less),TRUE,How much stipend will I get.,Bachelors
92,8/22/2022,IQRA,Compute Science,Pakistan,Karachi,Yes,Sent,Pending,NA,From a Friend,Female,22,Yes,Computer Science,python,Beginner (0 Years),Want to learn,Yes,Beginner (0 Years),Learner (1 Year or Less),None (0 Years),None (0 Years),Beginner (0 Years),TRUE,NA,Bachelors
93,8/22/2022,SirSyed,Compute Science,Pakistan,Karachi,No,Sent,Pending,NA,"Social Media (Facebook, Whatsapp etc)",Male,22,Yes,None of them,React and JS,Beginner (0 Years),Exposure and learning,No,Learner (1 Year or Less),Learner (1 Year or Less),Some (1 Year or Less),Some (1 Year or Less),Learner (1 Year or Less),TRUE,No,Bachelors
94,8/22/2022,SirSyed,BS Software Engineering,Pakistan,Karachi,No,Sent,Pending,NA,Linkedin,Male,23,Yes,None of them,Python,Beginner (0 Years),Want some knowledge,No,Beginner (0 Years),Intermediate (2-3 Years),None (0 Years),Some (1 Year or Less),Beginner (0 Years),TRUE,NA,Bachelors
95,8/22/2022,SirSyed,BS Software Engineering,Pakistan,Karachi,No,Sent,Pending,NA,"Social Media (Facebook, Whatsapp etc)",Male,23,Yes,Data Science,"Python, SQL, R, Java",Intermediate (2-3 Years),"To gain practical experience, and apply machine learning/data science in different use case scenario.",No,Learner (1 Year or Less),Intermediate (2-3 Years),None (0 Years),Some (1 Year or Less),Learner (1 Year or Less),TRUE,Yes. I am willing to dedicate my efforts to this. Regards,Bachelors
96,8/22/2022,Memon Industrial and Technical Institute,Compute Science,Pakistan,Karachi,No,Sent,Pending,NA,"Social Media (Facebook, Whatsapp etc)",Male,18,Yes,Computer Science,Javascript,Learner (1 Year or Less),Interest in machine learning,No,Beginner (0 Years),Beginner (0 Years),None (0 Years),None (0 Years),Beginner (0 Years),TRUE,No,H.S.C
97,8/22/2022,SirSyed,Compute Science,Pakistan,Karachi,No,Sent,Pending,NA,"Social Media (Facebook, Whatsapp etc)",Female,22,Yes,Computer Science,python and java,Beginner (0 Years),gain experience,No,Beginner (0 Years),Beginner (0 Years),None (0 Years),Some (1 Year or Less),Beginner (0 Years),TRUE,not yet,Bachelors
98,8/22/2022,SirSyed,BS Software Engineering,Pakistan,Karachi,Yes,Sent,Maybe,NA,Linkedin,Male,23,No,Statisitics,Python,Beginner (0 Years),For  become proficient in data analytics and data science,Yes,Beginner (0 Years),Learner (1 Year or Less),None (0 Years),Some (1 Year or Less),Beginner (0 Years),TRUE,NA,Bachelors
99,8/22/2022,IQRA,BS Software Engineering,Pakistan,Karachi,No,Sent,Pending,NA,From a Teacher,Male,24,Yes,Data Science,Python,Beginner (0 Years),To get learn about industrial projects & workflow with a team to achieve goals.,No,Beginner (0 Years),Learner (1 Year or Less),None (0 Years),None (0 Years),Beginner (0 Years),TRUE,NA,Bachelors
100,8/22/2022,KU,BS Software Engineering,Pakistan,Karachi,Yes,Sent,Pending,NA,"Social Media (Facebook, Whatsapp etc)",Male,22,Yes,Computer Science,"Python,JS",Learner (1 Year or Less),Seeking Career in the Field of Data Science,Yes,Beginner (0 Years),Learner (1 Year or Less),None (0 Years),Some (1 Year or Less),Beginner (0 Years),None,Great Initiative as there are very less oppurtunities in the field od Data Science in Pakistan.,Bachelors
101,8/22/2022,SirSyed,Compute Science,Pakistan,Karachi,No,Sent,Pending,NA,From a Friend,Male,26,Yes,Computer Science,Python,Beginner (0 Years),to learn machine learning,No,Beginner (0 Years),Learner (1 Year or Less),None (0 Years),Some (1 Year or Less),Beginner (0 Years),TRUE,none,Bachelors
102,8/22/2022,SirSyed,BS Software Engineering,Pakistan,Karachi,No,Sent,Pending,NA,"Social Media (Facebook, Whatsapp etc)",Male,25,No,Statisitics,"C language, Java, python.",Beginner (0 Years),To improve my Skillset,No,Beginner (0 Years),Learner (1 Year or Less),None (0 Years),None (0 Years),Beginner (0 Years),TRUE,None!,Bachelors
103,8/22/2022,SMIU,Statistics,Pakistan,Hyderabad,No,Sent,Pending,NA,Other,Male,21,Yes,Statisitics,R and Python,Beginner (0 Years),Interest,No,Beginner (0 Years),Beginner (0 Years),None (0 Years),None (0 Years),Beginner (0 Years),None,"I have Interest in learning about data science, machine learning and artificial intelligence.  This might be the best way to learn it with professionals and would be glad to learn from experience teachers.",Bachelors
104,8/22/2022,SirSyed,BS Software Engineering,Pakistan,Karachi,No,Sent,Pending,NA,From a Friend,Male,21,Yes,None of them,Java,Beginner (0 Years),I am eager to learn,No,Beginner (0 Years),Learner (1 Year or Less),None (0 Years),None (0 Years),Beginner (0 Years),TRUE,It would be great if I could enroll in this course for free,Bachelors
105,8/22/2022,IQRA,Engineering and Energy,Pakistan,Karachi,Yes,Sent,Pending,NA,From a Friend,Male,23,Yes,None of them,Python,Beginner (0 Years),Want to learn more skills and got a opportunity of internship and got lot of experience,Yes,Beginner (0 Years),Beginner (0 Years),None (0 Years),None (0 Years),Beginner (0 Years),None,NA,Bachelors
106,8/22/2022,SirSyed,BS Software Engineering,Pakistan,Karachi,Yes,Sent,Maybe,NA,From a Teacher,Male,22,Yes,Computer Science,"Python, Java, Javascript, dart",Beginner (0 Years),Needed to learn and build good understanding of data science to pursue the career of Data Scientist.,Yes,Beginner (0 Years),Intermediate (2-3 Years),None (0 Years),None (0 Years),Beginner (0 Years),TRUE,Yes I greatly respect on the your efforts on teaching us young generation..,Bachelors
107,8/22/2022,SirSyed,Compute Science,Pakistan,Karachi,Yes,Sent,Pending,NA,"Social Media (Facebook, Whatsapp etc)",Male,24,No,Computer Science,Java or js,Beginner (0 Years),To gain knowledge,Yes,Beginner (0 Years),Beginner (0 Years),None (0 Years),None (0 Years),Beginner (0 Years),TRUE,NA,Bachelors
108,8/22/2022,SirSyed,BS Software Engineering,Pakistan,Karachi,No,Sent,Pending,NA,"Social Media (Facebook, Whatsapp etc)",Male,22,Yes,Econometrics,Python,Beginner (0 Years),My love for data and its application in our normal and professional life,No,Beginner (0 Years),Learner (1 Year or Less),None (0 Years),Some (1 Year or Less),Beginner (0 Years),None,No,Bachelors
109,8/22/2022,NED,Compute Science,Pakistan,Karachi,No,Sent,Pending,NA,From a Friend,Female,33,Yes,Computer Science,"Python,c#",Learner (1 Year or Less),It will help me in pursing my phd degree,No,Advanced (4+),Intermediate (2-3 Years),None (0 Years),Some (1 Year or Less),Beginner (0 Years),TRUE,NA,PhD
110,8/22/2022,SSUET,BS Software Engineering,Pakistan,Karachi,No,Sent,Pending,NA,"Social Media (Facebook, Whatsapp etc)",Male,25,No,Computer Science,Python,Beginner (0 Years),Build and Enhance skills and Experience in Data Science,No,Beginner (0 Years),Learner (1 Year or Less),None (0 Years),Some (1 Year or Less),Beginner (0 Years),TRUE,Good Work,Bachelors
111,8/23/2022,IQRA,BS Software Engineering,Pakistan,Karachi,Yes,Sent,Pending,NA,"Social Media (Facebook, Whatsapp etc)",Male,23,No,Data Science,"Python, Java",Beginner (0 Years),Want to learn more about Data Science and persuemy carrier in data science,Yes,Beginner (0 Years),Learner (1 Year or Less),None (0 Years),Some (1 Year or Less),Beginner (0 Years),TRUE,NA,Bachelors
112,8/23/2022,SirSyed,BS Software Engineering,Pakistan,Karachi,Yes,Sent,Pending,NA,"Social Media (Facebook, Whatsapp etc)",Female,22,Yes,Statisitics,"Java, python, c",Beginner (0 Years),To gain more knowledge and broaden my horizon.,Yes,Intermediate (2-3 Years),Intermediate (2-3 Years),None (0 Years),Some (1 Year or Less),Beginner (0 Years),None,NA,Bachelors
113,8/23/2022,SirSyed,BS Software Engineering,Pakistan,Karachi,No,Sent,Pending,NA,"Social Media (Facebook, Whatsapp etc)",Male,23,Yes,Statisitics,"Java,python",Learner (1 Year or Less),I am willing to develop advance application,No,Beginner (0 Years),Learner (1 Year or Less),None (0 Years),Some (1 Year or Less),Beginner (0 Years),TRUE,None,Bachelors
114,8/23/2022,IBA,Business Administration,Pakistan,Karachi,No,Sent,Pending,NA,"Social Media (Facebook, Whatsapp etc)",Male,25,Yes,None of them,None,Beginner (0 Years),Want to learn about it.,No,Beginner (0 Years),Beginner (0 Years),None (0 Years),None (0 Years),Beginner (0 Years),TRUE,NA,Masters
115,8/23/2022,SirSyed,Compute Science,Pakistan,Karachi,No,Sent,Pending,NA,"University Forums (Alumni,Senior, Career forums)",Female,22,Yes,All of them,"Python, Java, JS, HTML, CSS",Beginner (0 Years),I just want to learn data science in a flow.,No,Beginner (0 Years),Learner (1 Year or Less),None (0 Years),None (0 Years),Beginner (0 Years),TRUE,Currently nothing,Bachelors
116,8/23/2022,SSUET,BS Software Engineering,Pakistan,Not Specified,No,Sent,Pending,NA,"Social Media (Facebook, Whatsapp etc)",Female,21,Yes,None of them,"HTML 5, Java, python",Beginner (0 Years),To learn and grow more in AI industry.,No,Beginner (0 Years),Learner (1 Year or Less),None (0 Years),Some (1 Year or Less),Beginner (0 Years),TRUE,I want this internship!,Bachelors
117,8/23/2022,IQRA,Business Administration,Pakistan,Karachi,No,Sent,Pending,NA,"Social Media (Facebook, Whatsapp etc)",Male,22,Yes,Statisitics,Python,Beginner (0 Years),To learn Data Science,No,Beginner (0 Years),Beginner (0 Years),None (0 Years),None (0 Years),Beginner (0 Years),None,No,Bachelors
118,8/23/2022,NED,Compute Science,Pakistan,Karachi,No,Sent,Pending,NA,"University Forums (Alumni,Senior, Career forums)",Male,21,Yes,Data Science,Python,Learner (1 Year or Less),Experience,No,Beginner (0 Years),Intermediate (2-3 Years),None (0 Years),Intermediate (2-3 Years),Beginner (0 Years),None,-,H.S.C
119,8/23/2022,IQRA,Compute Science,Pakistan,Karachi,No,Sent,Pending,NA,From a Friend,Male,22,Yes,Computer Science,"JavaScript, Python",Beginner (0 Years),Interested in this field,No,Beginner (0 Years),Beginner (0 Years),None (0 Years),Some (1 Year or Less),Beginner (0 Years),TRUE,No,Bachelors
120,8/23/2022,SirSyed,Bachelor's in Bioinformatics,Pakistan,Karachi,Yes,Sent,Pending,NA,"Social Media (Facebook, Whatsapp etc)",Female,22,No,All of them,Python and linux,Learner (1 Year or Less),Because I have completed my bachelor's in Bioinformatics which is about data science and machine learning,Yes,Beginner (0 Years),Intermediate (2-3 Years),None (0 Years),Advanced (4+),Beginner (0 Years),TRUE,I am interested in this training,Bachelors
121,8/23/2022,IQRA,Compute Science,Pakistan,Karachi,No,Sent,Pending,NA,From a Teacher,Female,26,No,Computer Science,Java,Beginner (0 Years),Interested,No,Beginner (0 Years),Beginner (0 Years),None (0 Years),None (0 Years),Beginner (0 Years),TRUE,Excited,Bachelors
122,8/23/2022,Aptech Institute,BS Software Engineering,Pakistan,Karachi,No,Sent,Pending,NA,From a Friend,Male,25,No,Computer Science,None,Beginner (0 Years),To start a career in machine learning,No,Beginner (0 Years),Beginner (0 Years),None (0 Years),None (0 Years),Beginner (0 Years),TRUE,No,H.S.C
123,8/31/2022,IBA,Economics,Pakistan,Karachi,NA,Sent,Paid,NA,Other,Male,25,Yes,Econometrics,None,Beginner (0 Years),Enter the field of data science,Yes,Learner (1 Year or Less),Learner (1 Year or Less),Some (1 Year or Less),Some (1 Year or Less),Learner (1 Year or Less),TRUE,NA,Bachelors
124,8/23/2022,NED,Data Sciences,Pakistan,Karachi,Yes,Sent,Pending,NA,"Social Media (Facebook, Whatsapp etc)",Female,24,Yes,Data Science,Python,Beginner (0 Years),To learn  and get skills and experience,Yes,Beginner (0 Years),Learner (1 Year or Less),None (0 Years),None (0 Years),Beginner (0 Years),TRUE,..,Masters
125,8/23/2022,IBA,Compute Science,Pakistan,Karachi,No,Sent,Pending,NA,"University Forums (Alumni,Senior, Career forums)",Male,21,Yes,Computer Science,Java,Beginner (0 Years),I am interested in data sciences,No,Beginner (0 Years),Beginner (0 Years),None (0 Years),None (0 Years),Beginner (0 Years),TRUE,NA,Bachelors
126,8/23/2022,SirSyed,Compute Science,Pakistan,Karachi,No,Sent,Pending,NA,From a Friend,Male,21,Yes,All of them,Python,Beginner (0 Years),To enhance old and develop new skills and to Practice it professionally,No,Beginner (0 Years),Learner (1 Year or Less),None (0 Years),Some (1 Year or Less),Beginner (0 Years),TRUE,I see this course as a good opportunity for beginners,Bachelors
127,8/23/2022,IBA,Business Administration,Pakistan,Karachi,Yes,Sent,Pending,NA,"Social Media (Facebook, Whatsapp etc)",Male,21,Yes,Data Science,None,Learner (1 Year or Less),I aspire to become a data analyst and possibly a data scientist though that seems a stretch being a BBA student,Yes,Learner (1 Year or Less),Beginner (0 Years),None (0 Years),None (0 Years),Learner (1 Year or Less),TRUE,NA,H.S.C
128,8/23/2022,NED,BS Software Engineering,Pakistan,Karachi,No,Sent,Pending,NA,Linkedin,Male,22,Yes,Statisitics,JS,Beginner (0 Years),Learning and exploring Data Science,No,Beginner (0 Years),Learner (1 Year or Less),None (0 Years),Some (1 Year or Less),Beginner (0 Years),TRUE,None,Bachelors
129,8/23/2022,KU,Compute Science,Pakistan,Karachi,No,Sent,Pending,NA,From a Friend,Male,25,No,Computer Science,JavaScript,Beginner (0 Years),Want to take a new road map for learning different categories,No,Beginner (0 Years),Learner (1 Year or Less),None (0 Years),None (0 Years),Learner (1 Year or Less),TRUE,NA,Bachelors
130,8/23/2022,IQRA,BS Software Engineering,Pakistan,Karachi,No,Sent,Pending,NA,From a Teacher,Female,24,No,Statisitics,None,Beginner (0 Years),To learn new skills.,No,Beginner (0 Years),Beginner (0 Years),None (0 Years),None (0 Years),Beginner (0 Years),TRUE,NA,Bachelors
131,8/23/2022,KU,M.sc In GIS,Pakistan,Karachi,No,Sent,Pending,NA,From a Friend,Male,24,Yes,Data Science,Python,Beginner (0 Years),For job,No,Beginner (0 Years),Beginner (0 Years),None (0 Years),None (0 Years),Beginner (0 Years),None,It's interesting,Bachelors
132,8/23/2022,IBA,Compute Science,Pakistan,Karachi,No,Sent,Pending,NA,"Social Media (Facebook, Whatsapp etc)",Male,20,Yes,All of them,"Python, SQL, Java",Beginner (0 Years),"I want to become a machine learning engineer in the future. I hope this course will be a great facilitator for me to achieve my career goal. Furthermore, I hope to land an internship opportunity at Cube Statistical after this course.",No,Learner (1 Year or Less),Beginner (0 Years),None (0 Years),None (0 Years),Beginner (0 Years),TRUE,NA,Bachelors
133,8/23/2022,SirSyed,BSIT,Pakistan,Karachi,No,Sent,Pending,NA,From a Friend,Male,22,No,Computer Science,None,Learner (1 Year or Less),To establish my skills,No,Learner (1 Year or Less),Learner (1 Year or Less),Some (1 Year or Less),Some (1 Year or Less),Beginner (0 Years),TRUE,NA,Bachelors
134,8/23/2022,IBA,Economics,Pakistan,Karachi,Yes,sent,Pending,NA,"Social Media (Facebook, Whatsapp etc)",Female,21,Yes,Data Science,Python,Learner (1 Year or Less),I have recently discovered my interest in the data science and I would like to build my skillset using these softwares that are crucial in the world of big data.,Yes,Beginner (0 Years),Learner (1 Year or Less),None (0 Years),Some (1 Year or Less),Beginner (0 Years),TRUE,NA,Bachelors
135,8/24/2022,"University of Leeds , united Kingdom",MA Human Resource Management,Canada,Oakville,Yes,Sent,Paid,Yes,Other,Female,36,No,None of them,None,Beginner (0 Years),To learn more about Data science,Yes,Beginner (0 Years),Beginner (0 Years),None (0 Years),None (0 Years),Beginner (0 Years),TRUE,Looking forward to the learning session,Masters
136,8/29/2022,QU,Compute Science,Pakistan,Islamabad,Yes,Sent,Paid,Yes,From a Friend,Female,21,No,Statisitics,A little bit of R,Learner (1 Year or Less),I want to. Be a data analyst so I wanna begin from somewhere,Yes,Learner (1 Year or Less),Beginner (0 Years),Some (1 Year or Less),None (0 Years),Beginner (0 Years),TRUE,I wanna learn more and more from this course.,Masters
137,8/24/2022,SMIU,Compute Science,Pakistan,Karachi,No,Sent,Pending,NA,From a Friend,Male,22,Yes,Computer Science,None,Beginner (0 Years),To learn,No,Beginner (0 Years),Beginner (0 Years),None (0 Years),None (0 Years),Beginner (0 Years),TRUE,Students really need these type of platform where they learn about their field you're really doing great job. Thanks,Bachelors
138,8/28/2022,Hamdard University,Electrical Engineering,Pakistan,Karachi,no,Sent,Paid,Yes,"Social Media (Facebook, Whatsapp etc)",Male,33,Yes,Data Science,Python,Beginner (0 Years),Moving to my career,No,Beginner (0 Years),Learner (1 Year or Less),None (0 Years),None (0 Years),Beginner (0 Years),TRUE,I would like to also learn R,Bachelors
139,8/24/2022,PUCIT,BS Software Engineering,Pakistan,LAHORE,No,Sent,Pending,NA,"Social Media (Facebook, Whatsapp etc)",Male,22,Yes,Computer Science,PYTHON,Beginner (0 Years),I WANT TO KNOW MORE ABOUT DATA SCIENCE,No,Beginner (0 Years),Learner (1 Year or Less),None (0 Years),None (0 Years),Beginner (0 Years),TRUE,NA,Bachelors
140,8/24/2022,IBA,Economics,Pakistan,Karachi,Yes,Sent,Pending,NA,"Social Media (Facebook, Whatsapp etc)",Female,22,Yes,All of them,"Python, SQL",Beginner (0 Years),I had fundamental Foundations of Data Sciences and Econometrics courses and this field really sparks my interest.,Yes,Learner (1 Year or Less),Learner (1 Year or Less),Some (1 Year or Less),Some (1 Year or Less),Learner (1 Year or Less),TRUE,NA,Bachelors
141,8/25/2022,QU,Statistics,Pakistan,Islamabad,Yes,Sent,Paid,Yes,From a Friend,Male,23,Yes,Statisitics,R,Learner (1 Year or Less),I want to improve my Skills and Knowledge and looking forward to working in the field of Data Science,Yes,Learner (1 Year or Less),Beginner (0 Years),Some (1 Year or Less),None (0 Years),Learner (1 Year or Less),TRUE,NA,H.S.C
142,8/24/2022,IBA,BSAF,Pakistan,Karachi,Yes,Sent,Pending,NA,"Social Media (Facebook, Whatsapp etc)",Male,20,Yes,Statisitics,None,Beginner (0 Years),I want to explore and learn about data science,Yes,Beginner (0 Years),Beginner (0 Years),None (0 Years),None (0 Years),Beginner (0 Years),TRUE,NA,Bachelors
143,8/20/2022,Ryerson,Business Technology Management,NA,NA,Yes,Sent,Paid,Yes,Cube Statiistica Employee,Male,48,No,Data Science,R,Learner (1 Year or Less),Would like a new job/career,Yes,Learner (1 Year or Less),Learner (1 Year or Less),Some (1 Year or Less),Some (1 Year or Less),Learner (1 Year or Less),NA,None,Bachelors
144,8/24/2022,KU,Statistics,Pakistan,Karachi,No,Sent,Pending,NA,"Social Media (Facebook, Whatsapp etc)",Female,22,Yes,Statisitics,R,Beginner (0 Years),Learn something new.,No,Learner (1 Year or Less),Beginner (0 Years),None (0 Years),None (0 Years),Learner (1 Year or Less),None,NA,Bachelors
145,8/24/2022,NED,Industrial Chemistry,Pakistan,Karachi,Yes,Sent,Pending,NA,From a Friend,Male,20,Yes,None of them,None,Beginner (0 Years),To earn money,Yes,Beginner (0 Years),Beginner (0 Years),None (0 Years),None (0 Years),Beginner (0 Years),None,I think that this is a perfect opportunity for me to learn this course and then make it beneficial for me.,H.S.C
146,8/24/2022,QU,Statistics,Pakistan,Islamabad,Yes,Sent,Paid,Yes,Linkedin,Male,22,Yes,All of them,R Programming Language,Learner (1 Year or Less),To enhance in the field of Software Development.,Yes,Intermediate (2-3 Years),Beginner (0 Years),Intermediate (2-3 Years),None (0 Years),Intermediate (2-3 Years),TRUE,Thank you :),Bachelors
147,8/24/2022,IBA,Compute Science,Pakistan,Karachi,Yes,Sent,Maybe,NA,"Social Media (Facebook, Whatsapp etc)",Female,23,No,Computer Science,JS Java & Python,Beginner (0 Years),Interested in data science,Yes,Beginner (0 Years),Learner (1 Year or Less),None (0 Years),Some (1 Year or Less),Beginner (0 Years),None,NA,Bachelors
148,8/24/2022,Colorado State University Global Campus,MS Data Analytics,United States,Denver,Yes,Sent,Maybe,NA,Linkedin,Male,29,No,Data Science,"R, Python",Learner (1 Year or Less),To work as Junior data scientist,Yes,Intermediate (2-3 Years),Intermediate (2-3 Years),Some (1 Year or Less),Some (1 Year or Less),Intermediate (2-3 Years),TRUE,Is this a free course ?,Masters
149,8/24/2022,IBA,Accounting and Finance,Pakistan,Karachi,No,Sent,Pending,NA,"Social Media (Facebook, Whatsapp etc)",Male,21,Yes,Statisitics,None,Beginner (0 Years),Want to get into the Data Science field,No,Beginner (0 Years),Beginner (0 Years),None (0 Years),None (0 Years),Beginner (0 Years),None,NA,H.S.C
150,8/24/2022,NED,Compute Science,Pakistan,Karachi,Yes,Sent,Pending,NA,Linkedin,Male,21,Yes,All of them,"Python, R",Learner (1 Year or Less),To get my basics strong and improve myself in this vast field.,Yes,Beginner (0 Years),Learner (1 Year or Less),Some (1 Year or Less),Some (1 Year or Less),Beginner (0 Years),TRUE,NA,Bachelors
151,8/24/2022,IBA,Accounting and Finance,Pakistan,Karachi,Yes,Sent,Pending,NA,"Social Media (Facebook, Whatsapp etc)",Female,21,Yes,Statisitics,Python,Beginner (0 Years),Passion,Yes,Beginner (0 Years),Learner (1 Year or Less),None (0 Years),None (0 Years),Beginner (0 Years),TRUE,NA,Bachelors
152,8/24/2022,IBA,BSACF,Pakistan,Karachi,Yes,Sent,Maybe,NA,From a Friend,Male,18,Yes,Statisitics,none,Beginner (0 Years),"To develop my knowledge in this field. Not only is this field interesting, but it can be integrated with any line of work and would help me get an edge over my peers by the time i graduate.",Yes,Beginner (0 Years),Beginner (0 Years),None (0 Years),None (0 Years),Beginner (0 Years),TRUE,NA,H.S.C
153,8/25/2022,LUMS,Management Sciences,Pakistan,Sialkot,Yes,Sent,Paid,Yes,"Social Media (Facebook, Whatsapp etc)",Female,23,No,None of them,None,Beginner (0 Years),Transition to tech,Yes,Beginner (0 Years),Beginner (0 Years),None (0 Years),None (0 Years),Beginner (0 Years),TRUE,NA,Bachelors
154,8/27/2022,QU,BS,Pakistan,Islamabad,Yes,Sent,Paid,Yes,From a Friend,Male,21,Yes,Statisitics,R,Learner (1 Year or Less),This is helpful for building my future,Yes,Learner (1 Year or Less),Beginner (0 Years),Some (1 Year or Less),None (0 Years),Learner (1 Year or Less),TRUE,This we helpful for every students who is nit able to learn from abroad universities.,Bachelors
155,8/27/2022,University of Calgary,Electrical Engineering,Canada,Calgary,Yes,Sent,Paid,Yes,From a Friend,Female,35,No,None of them,None,Beginner (0 Years),To pursue career in data science,Yes,Beginner (0 Years),Beginner (0 Years),None (0 Years),None (0 Years),Beginner (0 Years),None,NA,Masters
156,8/25/2022,IBA,Compute Science,Pakistan,Karachi,Yes,Sent,Pending,NA,From a Teacher,Male,21,Yes,Computer Science,Java,Beginner (0 Years),#NAME?,Yes,Learner (1 Year or Less),Learner (1 Year or Less),None (0 Years),Some (1 Year or Less),Learner (1 Year or Less),TRUE,NA,H.S.C
157,8/25/2022,IBA,Compute Science,Pakistan,Karachi,No,Sent,Pending,NA,From a Friend,Male,20,Yes,Computer Science,Java and Python,Beginner (0 Years),"I want to opt a career in Data Science, so I want to maximum utilization from the course",No,Beginner (0 Years),Learner (1 Year or Less),None (0 Years),Some (1 Year or Less),Beginner (0 Years),TRUE,Nope,Bachelors
158,8/25/2022,IBA,Compute Science,Pakistan,Karachi,No,Sent,Pending,NA,"Social Media (Facebook, Whatsapp etc)",Male,21,Yes,Computer Science,"Python, Java, Javascript",Beginner (0 Years),Job Prospects,No,Beginner (0 Years),Advanced (4+),None (0 Years),Advanced (4+),Beginner (0 Years),TRUE,None,H.S.C
159,8/25/2022,IBA,Compute Science,Pakistan,Karachi,No,Sent,Pending,NA,From a Friend,Male,22,Yes,Data Science,Python,Learner (1 Year or Less),Interested in Data science,No,Beginner (0 Years),Learner (1 Year or Less),None (0 Years),Some (1 Year or Less),Beginner (0 Years),TRUE,NA,Bachelors
160,8/25/2022,IBA,Compute Science,Pakistan,Karachi,Yes,Sent,Pending,NA,From a Friend,Male,19,Yes,Computer Science,"Java, Phyton, JS",Beginner (0 Years),"The feild of data science really intrigues me, I have been fascinated by statistics my whole life and when I heard that there was a feild where we could understand data more effectively than a normal human, I was surprised but very much interested too.",Yes,Beginner (0 Years),Learner (1 Year or Less),None (0 Years),Some (1 Year or Less),Beginner (0 Years),TRUE,NA,H.S.C
161,8/25/2022,IBA,Compute Science,Pakistan,Karachi,No,Sent,Pending,NA,"University Forums (Alumni,Senior, Career forums)",Male,21,Yes,Computer Science,Python and Java,Beginner (0 Years),Good Hold in Mathematics and always felt attracted towards Artificial Intelligence courses,No,Beginner (0 Years),Intermediate (2-3 Years),Some (1 Year or Less),Some (1 Year or Less),Beginner (0 Years),TRUE,NA,Bachelors
162,8/25/2022,IBA,Compute Science,Pakistan,Karachi,Yes,Sent,Maybe,NA,From a Friend,Female,20,Yes,Statisitics,Python and java,Beginner (0 Years),I would want to pursue a career in this field,Yes,Beginner (0 Years),Learner (1 Year or Less),None (0 Years),Some (1 Year or Less),Beginner (0 Years),TRUE,NA,Bachelors
163,8/24/2022,SZABIST,Compute Science,Pakistan,Karachi,Yes,Sent,Paid,Yes,Cube Statiistica Employee,Male,22,Yes,Computer Science,Java,Beginner (0 Years),For skill development,Yes,Beginner (0 Years),Beginner (0 Years),None (0 Years),None (0 Years),Beginner (0 Years),None,I just want to say thank you for this great opportunity for those students who are studying in university and side by side in islamic school,Bachelors
164,8/25/2022,IBA,Compute Science,Pakistan,Karachi,No,Sent,Pending,NA,From a Friend,Female,20,Yes,Computer Science,None,Beginner (0 Years),"i really wanted to study about data,but wouldn't find the platform which from beginning. I did foundation python programming course from data camp and it was a good experience. Now i wanted to explore more platforms that can teach from beginning about data.",No,Beginner (0 Years),Beginner (0 Years),None (0 Years),None (0 Years),Beginner (0 Years),None,"I am a CS student but i haven't really good experience in programing, am i still eligible?",Bachelors
165,8/25/2022,Mehran University of Engineering,BS Software Engineering,Saudi Arabia,Jeddah,No,Sent,Pending,NA,"Social Media (Facebook, Whatsapp etc)",Male,37,No,Data Science,Python,Beginner (0 Years),Interest in Data Science/Machine Learning,No,Beginner (0 Years),Intermediate (2-3 Years),None (0 Years),Some (1 Year or Less),Beginner (0 Years),TRUE,NA,Bachelors
166,8/25/2022,IBA,Compute Science,Pakistan,Karachi,Yes,Sent,Pending,NA,From a Friend,Male,22,Yes,Statisitics,Java,Learner (1 Year or Less),Keen interest in data science,Yes,Beginner (0 Years),Learner (1 Year or Less),None (0 Years),Some (1 Year or Less),Beginner (0 Years),TRUE,NA,Bachelors
167,8/25/2022,NED,BE in Petroleum Engineering,Pakistan,Karachi,No,Sent,Pending,NA,"Social Media (Facebook, Whatsapp etc)",Male,22,No,Data Science,Python,Learner (1 Year or Less),Learn data science skills to contribute in oil and gas sector,No,Beginner (0 Years),Learner (1 Year or Less),None (0 Years),Some (1 Year or Less),Beginner (0 Years),TRUE,no,Bachelors
168,8/25/2022,IBA,Accounting and Finance,Pakistan,Karachi,Yes,Sent,Paid,Yes,"Social Media (Facebook, Whatsapp etc)",Male,24,No,Statisitics,Python,Intermediate (2-3 Years),More practicial experience with R programming and opportunity to get an internship at the end of the course,Yes,Beginner (0 Years),Learner (1 Year or Less),None (0 Years),Intermediate (2-3 Years),Beginner (0 Years),None,The cost of the course should be advertised front and centre.,Bachelors
169,8/25/2022,IBA,Compute Science,Pakistan,Karachi,No,Sent,Pending,NA,From a Friend,Prefer not to say,20,Yes,Computer Science,Python,Learner (1 Year or Less),Experience,No,Intermediate (2-3 Years),Intermediate (2-3 Years),None (0 Years),Intermediate (2-3 Years),Learner (1 Year or Less),None,NA,Bachelors
170,8/25/2022,IBA,Compute Science,Pakistan,Karachi,Yes,Sent,Pending,NA,"University Forums (Alumni,Senior, Career forums)",Male,21,Yes,All of them,"Java,Python",Learner (1 Year or Less),Data Science and machine learning is basically my field of interest and this is what I would love to explore in the future. I see myself having a career in this filed thus this course will help me learn about this feild.,Yes,Beginner (0 Years),Learner (1 Year or Less),None (0 Years),None (0 Years),Beginner (0 Years),TRUE,NA,H.S.C
171,8/25/2022,IBA,Compute Science,Pakistan,Karachi,Yes,Sent,Pending,NA,"University Forums (Alumni,Senior, Career forums)",Male,23,Yes,Computer Science,Python and Java,Beginner (0 Years),Learn skills and add value,Yes,Beginner (0 Years),Beginner (0 Years),None (0 Years),None (0 Years),Beginner (0 Years),TRUE,None,Bachelors
172,8/25/2022,IQRA,Compute Science,Pakistan,Karachi,No,Sent,Pending,NA,From a Friend,Male,23,Yes,Data Science,python,Learner (1 Year or Less),improve our skills in data science,No,Learner (1 Year or Less),Learner (1 Year or Less),None (0 Years),Some (1 Year or Less),Beginner (0 Years),TRUE,is it onsite or online training program,Bachelors
173,8/25/2022,IBA,Compute Science,Pakistan,Karachi,No,Sent,Pending,NA,From a Friend,Male,21,Yes,All of them,Java,Beginner (0 Years),Because I want to excel in this field and want to train myself to become the best,No,Beginner (0 Years),Learner (1 Year or Less),None (0 Years),Some (1 Year or Less),Beginner (0 Years),TRUE,NA,Bachelors
174,8/25/2022,IBA,Compute Science,Pakistan,Karachi,No,Sent,Pending,NA,Other,Male,23,Yes,Computer Science,Python,Learner (1 Year or Less),I want to enhance my data science and machine learning skills .So I would ready to work as Data Scientist,No,Beginner (0 Years),Intermediate (2-3 Years),None (0 Years),Intermediate (2-3 Years),Beginner (0 Years),TRUE,NA,Bachelors
175,8/25/2022,IBA,Economics,Pakistan,Karachi,No,Sent,Pending,NA,"Social Media (Facebook, Whatsapp etc)",Male,20,Yes,All of them,Python,Beginner (0 Years),I am enthusiastic about data science and an opportunity like this is very appealing to me.,No,Beginner (0 Years),Learner (1 Year or Less),None (0 Years),None (0 Years),Beginner (0 Years),None,I am very excited for this oppurtunity and would like to thank its responsible people from the bottom of my heart.,Bachelors
176,8/25/2022,IBA,Economics,Pakistan,Karachi,No,Sent,Pending,NA,"Social Media (Facebook, Whatsapp etc)",Male,21,Yes,All of them,Python,Beginner (0 Years),To improve my analytical skills using different softwares,No,Beginner (0 Years),Learner (1 Year or Less),None (0 Years),Some (1 Year or Less),Beginner (0 Years),TRUE,I hope it will be free of course,Bachelors
177,8/25/2022,IBA,Compute Science,Pakistan,Karachi,No,Sent,Pending,NA,Linkedin,Male,20,Yes,Statisitics,Python and R,Learner (1 Year or Less),It seems a great opportunity to dive into the world of data science,No,Beginner (0 Years),Learner (1 Year or Less),None (0 Years),Some (1 Year or Less),Beginner (0 Years),TRUE,NA,Bachelors
178,8/25/2022,IBA,Economics,Pakistan,Karachi,No,Sent,Pending,NA,"Other Internet forums (e.g Datacamp, Kaggle) ",Female,21,Yes,Data Science,Python,Beginner (0 Years),Want to learn and doing my minors in data science,No,Learner (1 Year or Less),Learner (1 Year or Less),None (0 Years),Some (1 Year or Less),Beginner (0 Years),TRUE,My interest Data science and and python have always fascinated me to learn more and more. I am excited to be part of the field and always try to learn more .,Bachelors
179,8/25/2022,IBA,Economic and Mathematics,Canada,Ottawa,Yes,Sent,Pending,NA,From a Friend,Male,26,No,Statisitics,Python,Beginner (0 Years),Career Opportunities,Yes,Beginner (0 Years),Learner (1 Year or Less),None (0 Years),None (0 Years),Beginner (0 Years),TRUE,NA,Bachelors
180,8/25/2022,IBA,Economics,Pakistan,Karachi,Yes,Sent,Pending,NA,"Social Media (Facebook, Whatsapp etc)",Male,19,Yes,All of them,Python,Beginner (0 Years),I want to couple my python programming skills with the Data Science skills so that I could pursue this as a career as I move forward.,Yes,Beginner (0 Years),Learner (1 Year or Less),None (0 Years),Some (1 Year or Less),Beginner (0 Years),TRUE,NA,Bachelors
181,8/25/2022,IQRA,BS Software Engineering,Pakistan,Karachi,No,Sent,Pending,NA,"Social Media (Facebook, Whatsapp etc)",Male,25,No,Computer Science,Python,Learner (1 Year or Less),Learning,No,Learner (1 Year or Less),Learner (1 Year or Less),None (0 Years),None (0 Years),Beginner (0 Years),None,NA,Bachelors
182,8/25/2022,IBA,Economics,Pakistan,Karachi,Yes,Sent,Pending,NA,"Social Media (Facebook, Whatsapp etc)",Male,22,Yes,All of them,"Python, R, STATA and SQL",Learner (1 Year or Less),Interest in polishing data analytics skills further as it aligns with my career goals,Yes,Learner (1 Year or Less),Learner (1 Year or Less),Some (1 Year or Less),Some (1 Year or Less),Learner (1 Year or Less),TRUE,None,Bachelors
183,8/25/2022,IBA,Compute Science,Pakistan,Karachi,Yes,Sent,Pending,NA,From a Friend,Male,21,Yes,Computer Science,Java,Beginner (0 Years),Learn new things,Yes,Beginner (0 Years),Beginner (0 Years),None (0 Years),None (0 Years),Beginner (0 Years),TRUE,NA,Bachelors
184,8/25/2022,IBA,Compute Science,Pakistan,Karachi,Yes,Sent,Pending,NA,"University Forums (Alumni,Senior, Career forums)",Female,21,Yes,Computer Science,Java,Beginner (0 Years),Want to purse this field as a career,Yes,Beginner (0 Years),Learner (1 Year or Less),None (0 Years),None (0 Years),Beginner (0 Years),None,NA,Bachelors
185,8/25/2022,SirSyed,Compute Science,Pakistan,Karachi,Yes,Sent,Pending,NA,"Social Media (Facebook, Whatsapp etc)",Male,22,Yes,None of them,"Java, Python",Beginner (0 Years),I want to be a professional machine learning engineer,Yes,Beginner (0 Years),Learner (1 Year or Less),None (0 Years),Some (1 Year or Less),Beginner (0 Years),TRUE,I'm suffering from a financial crisis. I'm pursuing my graduation on scholarships. So please if it is paid course then if there is a consideration for me then I will be very grateful,Bachelors
186,8/25/2022,B.Z.U multan,B.com,Pakistan,Not Specified,No,Sent,Pending,NA,Linkedin,Male,22,Yes,Computer Science,None,Beginner (0 Years),Yes,No,Beginner (0 Years),Beginner (0 Years),Some (1 Year or Less),Some (1 Year or Less),Beginner (0 Years),TRUE,Yes,Bachelors
187,8/25/2022,Bahri,Compute Science,Pakistan,Islamabad,Yes,Sent,Pending,NA,Linkedin,Male,22,No,Data Science,"Python, SQL",Learner (1 Year or Less),To improve my skill in Data science inorder to achieve my targeted goal,Yes,Learner (1 Year or Less),Learner (1 Year or Less),Some (1 Year or Less),Intermediate (2-3 Years),Learner (1 Year or Less),TRUE,I am looking to be selected for this course,Bachelors
188,8/23/2022,IBA,Accounting and Finance,Pakistan,Karachi,Yes,Sent,Paid,Yes,From a Friend,Male,25,Yes,None of them,None,Beginner (0 Years),To expand my skills,Yes,Beginner (0 Years),Beginner (0 Years),None (0 Years),None (0 Years),Beginner (0 Years),TRUE,None,Bachelors
189,8/25/2022,GCUF,BS Software Engineering,Pakistan,Islamabad,Yes,Sent,Pending,NA,"Social Media (Facebook, Whatsapp etc)",Male,23,No,Computer Science,Python,Learner (1 Year or Less),I want to be a Machine Learning Engineer.,Yes,Beginner (0 Years),Learner (1 Year or Less),None (0 Years),Some (1 Year or Less),Beginner (0 Years),TRUE,NA,Bachelors
190,8/25/2022,IBA,Compute Science,Pakistan,Karachi,Yes,Sent,Pending,NA,"University Forums (Alumni,Senior, Career forums)",Female,19,Yes,Computer Science,Java,Beginner (0 Years),I want to start my data science career earlier than usual,Yes,Beginner (0 Years),Beginner (0 Years),None (0 Years),None (0 Years),Beginner (0 Years),TRUE,I have a question which is that is this going to be an online course?,Bachelors
191,8/22/2022,LUMS,Accounting and Finance,Pakistan,Faisalabad,Yes,Sent,Paid,Yes,"Social Media (Facebook, Whatsapp etc)",Female,27,No,None of them,None,Beginner (0 Years),I want to start my career in data science,Yes,Beginner (0 Years),Beginner (0 Years),None (0 Years),None (0 Years),Beginner (0 Years),TRUE,None,Bachelors
192,8/24/2022,LUMS,Electrical Engineering,Pakistan,Lahore,Yes,Sent,Paid,Yes,"Social Media (Facebook, Whatsapp etc)",Male,27,No,Data Science,Python,Beginner (0 Years),To land  to a beginner level opportunity in Data Science,Yes,Beginner (0 Years),Beginner (0 Years),None (0 Years),None (0 Years),Beginner (0 Years),TRUE,no,Masters
193,8/25/2022,IOBM,Economics,Pakistan,Karachi,Yes,Sent,Pending,NA,From a Friend,Male,23,No,Data Science,Nones,Beginner (0 Years),To learn data science,Yes,Beginner (0 Years),Beginner (0 Years),None (0 Years),None (0 Years),Beginner (0 Years),TRUE,None,Bachelors
194,8/25/2022,SZABIST,Data Sciences,Pakistan,Rawalpindi,No,Sent,Pending,NA,Linkedin,Male,23,Yes,All of them,Python,Learner (1 Year or Less),To learn advance level industrial work and can contribute to the industry.,No,Beginner (0 Years),Intermediate (2-3 Years),None (0 Years),Some (1 Year or Less),Beginner (0 Years),TRUE,NA,Masters
195,8/31/2022,IBA,Economics,Pakistan,Karachi,NA,Sent,Paid,Yes,From a Friend,Female,23,No,All of them,R and Python,Beginner (0 Years),"I want to polish my analytical skills in data science and business analytics background. I am a data driven person who have a keen interest in learning about softwares. This is an ideal opportunity for me to tap in this world, and utilize my knowledge in best possible way.",Yes,Learner (1 Year or Less),Learner (1 Year or Less),None (0 Years),None (0 Years),Learner (1 Year or Less),TRUE,"Excited to get onboard, also I would like to know what will be the workload like.",Bachelors
196,8/25/2022,IBA,Compute Science,Pakistan,Karachi,No,Sent,Pending,NA,From a Friend,Male,21,Yes,Computer Science,Python and java,Beginner (0 Years),Wanna learn data science and want to enroll my self in computer science world,No,Beginner (0 Years),Beginner (0 Years),None (0 Years),None (0 Years),Beginner (0 Years),None,Nop,Bachelors
197,8/26/2022,University of Gujrat,BS Software Engineering,Pakistan,Gujrat,No,Sent,Pending,NA,Linkedin,Female,24,No,All of them,"Python, R",Learner (1 Year or Less),I am a fresher in data science looking for an opportunity to enhance my technical skills and this course is an opportunity like none other to be a professional. Where we are first being taught and then internships are being offered on successful completion of the course.,No,Beginner (0 Years),Learner (1 Year or Less),None (0 Years),Some (1 Year or Less),Learner (1 Year or Less),TRUE,NA,Bachelors
198,8/26/2022,SirSyed,BS Software Engineering,Pakistan,Karachi,No,Sent,Pending,NA,"Social Media (Facebook, Whatsapp etc)",Male,22,Yes,Data Science,Python,Beginner (0 Years),Interesting,No,Learner (1 Year or Less),Learner (1 Year or Less),None (0 Years),None (0 Years),Beginner (0 Years),None,No,Bachelors
199,8/26/2022,SirSyed,Compute Science,Pakistan,Karachi,No,Sent,Pending,NA,"Social Media (Facebook, Whatsapp etc)",Male,28,Yes,Statisitics,Java,Beginner (0 Years),better understanding,No,Beginner (0 Years),Learner (1 Year or Less),None (0 Years),None (0 Years),Beginner (0 Years),TRUE,NA,Bachelors
200,8/26/2022,SirSyed,BS Software Engineering,Pakistan,Karachi,No,Sent,Pending,NA,From a Friend,Female,24,No,Data Science,Python,Learner (1 Year or Less),"Because I found that everything, every technology and every invention like metaverse is based on data . And I have learned things about data science from online resources such as bootcamp.com. And I want to perceive data science as a career. So I want to take this course to start my career as a data engineer or data scientist.",No,Beginner (0 Years),Intermediate (2-3 Years),None (0 Years),Intermediate (2-3 Years),Beginner (0 Years),TRUE,"If this course is paid.  Then let me know, want to take it . Thank you.",Bachelors
201,8/26/2022,QU,Statistics,Pakistan,Islamabad,Yes,Sent,Pending,Yes,From a Friend,Male,23,Yes,Statisitics,R,Learner (1 Year or Less),I want to improve my knowledge and skills and get experience in the field of Data Science,Yes,Learner (1 Year or Less),Beginner (0 Years),Some (1 Year or Less),Some (1 Year or Less),Learner (1 Year or Less),TRUE,Looking forward to hearing from you.,Bachelors
202,8/26/2022,IBA,Compute Science,Pakistan,Karachi,No,Sent,Pending,NA,"University Forums (Alumni,Senior, Career forums)",Female,21,Yes,All of them,Python but want to learn R,Learner (1 Year or Less),To develop and polish my skills more,No,Beginner (0 Years),Intermediate (2-3 Years),None (0 Years),Some (1 Year or Less),Beginner (0 Years),TRUE,NA,Bachelors
203,8/26/2022,KU,Compute Science,Pakistan,Karachi,No,Sent,Pending,NA,"Social Media (Facebook, Whatsapp etc)",Male,20,Yes,Computer Science,"Python, C++ and JS",Beginner (0 Years),Professional development,No,Learner (1 Year or Less),Intermediate (2-3 Years),Some (1 Year or Less),Intermediate (2-3 Years),Learner (1 Year or Less),TRUE,NA,Bachelors
204,8/26/2022,IBA,Compute Science,Pakistan,Karachi,No,Sent,Pending,NA,"Social Media (Facebook, Whatsapp etc)",Male,21,Yes,Computer Science,Java,Beginner (0 Years),Learning and Internship,No,Beginner (0 Years),Beginner (0 Years),None (0 Years),None (0 Years),Beginner (0 Years),TRUE,None,Bachelors
205,8/26/2022,IBA,Business Administration,Pakistan,Karachi,Yes,Sent,Maybe,NA,Cube Statiistica Employee,Male,22,Yes,Data Science,None,Beginner (0 Years),Learning data science,Yes,Beginner (0 Years),Beginner (0 Years),None (0 Years),None (0 Years),Beginner (0 Years),TRUE,NA,Bachelors
206,8/27/2022,University of Technology,BSc Information Engineering Tech,Pakistan,Nowshera,Yes,Sent,Pending,NA,Linkedin,Male,21,Yes,All of them,Python,Learner (1 Year or Less),"Being an aspiring data scientist, I want to learn new things in the field of Data Science and Artificial Intelligence. Love with data and it's manipulation is my favorite hobby.",Yes,Beginner (0 Years),Intermediate (2-3 Years),None (0 Years),Intermediate (2-3 Years),Beginner (0 Years),TRUE,NA,Bachelors
207,8/24/2022,NED,Automotive Engineering,Pakistan,Karachi,Yes,Sent,Paid,Yes,Linkedin,Male,23,No,Data Science,Python,Beginner (0 Years),I am switching my career into Data Sciences,Yes,Beginner (0 Years),Learner (1 Year or Less),None (0 Years),Some (1 Year or Less),Beginner (0 Years),TRUE,NA,Bachelors
208,8/27/2022,NED,BS in AI,Pakistan,Karachi,no,Sent,Pending,NA,Other,Male,25,Yes,All of them,Python,Learner (1 Year or Less),Advancement in Career,No,Intermediate (2-3 Years),Beginner (0 Years),None (0 Years),None (0 Years),Beginner (0 Years),TRUE,NA,Masters
209,8/27/2022,VU,BS Software Engineering,Pakistan,Islamabad,Yes,Sent,Maybe,NA,Linkedin,Male,21,Yes,All of them,Python and R,Intermediate (2-3 Years),"Actually, I was looking for an internship or a fresher job opportunity in Data Science, So I heard about this opportunity. I am well aware about the concepts of data science (particularly Machine Learning) and have been doing freelancing for almost two years.",Yes,Intermediate (2-3 Years),Intermediate (2-3 Years),Intermediate (2-3 Years),Intermediate (2-3 Years),Intermediate (2-3 Years),TRUE,NA,Bachelors
210,8/25/2022,University of Malaya,Bachelors of Chemical Engineering,Pakistan,Karachi,Yes,Sent,Paid,NA,Linkedin,Male,27,No,Data Science,"R, Python",Learner (1 Year or Less),Develop professional skills in Data Science,Yes,Beginner (0 Years),Learner (1 Year or Less),None (0 Years),Some (1 Year or Less),Learner (1 Year or Less),TRUE,None,Bachelors
211,8/28/2022,NED,Data Sciences,Pakistan,Karachi,no,Sent,Pending,NA,"Social Media (Facebook, Whatsapp etc)",Female,24,Yes,All of them,Python,Beginner (0 Years),To excel my career in my dreamed Field,No,Learner (1 Year or Less),Learner (1 Year or Less),None (0 Years),Some (1 Year or Less),Beginner (0 Years),TRUE,No,Masters
212,8/28/2022,COMSATS,Mathematics,Pakistan,Abbottabad,no,Sent,Pending,NA,"Social Media (Facebook, Whatsapp etc)",Female,31,No,Computer Science,Python,Beginner (0 Years),Learn more about data science,No,Beginner (0 Years),Beginner (0 Years),None (0 Years),Some (1 Year or Less),Beginner (0 Years),None,No,Masters
213,8/28/2022,Paf Kiet,Compute Science,Pakistan,Karachi,no,Sent,Pending,NA,"Social Media (Facebook, Whatsapp etc)",Male,21,Yes,Data Science,Python,Learner (1 Year or Less),Hand on experiance,No,Beginner (0 Years),Learner (1 Year or Less),None (0 Years),Some (1 Year or Less),Beginner (0 Years),TRUE,No,Bachelors
214,8/28/2022,UET,Electrical Engineering,Pakistan,Peshawar,Yes,Sent,Maybe,NA,"Social Media (Facebook, Whatsapp etc)",Male,28,Yes,Data Science,Python,Learner (1 Year or Less),Want to learn more,Yes,Beginner (0 Years),Learner (1 Year or Less),None (0 Years),Some (1 Year or Less),Beginner (0 Years),TRUE,No,Bachelors
215,8/28/2022,Concordia University Montreal ( joining this fall),PhD in Building Engineering,Pakistan,Islamabad,no,Sent,Pending,NA,"Social Media (Facebook, Whatsapp etc)",Male,27,Yes,Data Science,Python,Learner (1 Year or Less),To get myself well acquainted with this field,No,Beginner (0 Years),Learner (1 Year or Less),None (0 Years),None (0 Years),Beginner (0 Years),TRUE,NA,Masters
216,8/28/2022,International Islamic university,Information Technology,Pakistan,Rawalpindi,no,Sent,Pending,NA,"Social Media (Facebook, Whatsapp etc)",Male,22,Yes,Data Science,Python,Beginner (0 Years),To gain knowledge,No,Beginner (0 Years),Beginner (0 Years),None (0 Years),Some (1 Year or Less),Beginner (0 Years),TRUE,No,Bachelors
217,8/28/2022,SirSyed,Compute Science,Pakistan,Karachi,no,Sent,Pending,NA,"Social Media (Facebook, Whatsapp etc)",Male,22,Yes,Data Science,Python,Intermediate (2-3 Years),For Grab the Internship,No,Intermediate (2-3 Years),Intermediate (2-3 Years),Some (1 Year or Less),Intermediate (2-3 Years),Learner (1 Year or Less),TRUE,Good Job.,Bachelors
218,8/28/2022,Government college university faislabad,Compute Science,Pakistan,Jaranwala,no,Sent,Pending,NA,"Social Media (Facebook, Whatsapp etc)",Female,23,Yes,Statisitics,Python,Learner (1 Year or Less),Wanted to learn advance knowledge about machine learning,No,Beginner (0 Years),Learner (1 Year or Less),None (0 Years),None (0 Years),Beginner (0 Years),TRUE,NA,Masters
219,8/28/2022,"Islamic University, Bangladesh",BSc(Engineer) in Information & Communication Tecnology,Bangladesh,Kushtia,no,Sent,Pending,NA,"Social Media (Facebook, Whatsapp etc)",Male,23,Yes,All of them,Python,Intermediate (2-3 Years),I want learn more.,No,Intermediate (2-3 Years),Intermediate (2-3 Years),Some (1 Year or Less),Intermediate (2-3 Years),Intermediate (2-3 Years),TRUE,If you count me for this program and five me full free scholarship i will give you service in future.,Bachelors
220,8/28/2022,University Of Technology Nowshera,Information Technology,Pakistan,Nowshera,no,Sent,Pending,NA,"Social Media (Facebook, Whatsapp etc)",Male,22,Yes,All of them,Python,Learner (1 Year or Less),To showcase My educational skills in the market. And it is compulsory for my education,No,Learner (1 Year or Less),Learner (1 Year or Less),None (0 Years),Some (1 Year or Less),Beginner (0 Years),TRUE,Everything is fibe except the Fees. It should be free. Cause from 10 Learner's u can get 2gems for ur organization,Bachelors
221,8/28/2022,National University of Sciences and technology Pakistan,Geo informatics Engineering,Pakistan,Abbottabad,Yes,Sent,Pending,NA,"Social Media (Facebook, Whatsapp etc)",Male,26,Yes,Computer Science,Python,Learner (1 Year or Less),Understanding of data science concepts,Yes,Learner (1 Year or Less),Learner (1 Year or Less),Some (1 Year or Less),Some (1 Year or Less),Learner (1 Year or Less),TRUE,None,Bachelors
222,9/1/2022,IBA,Economics,Pakistan,Karachi,NA,NA,Paid,Yes,Linkedin,Female,22,No,Econometrics,R,Beginner (0 Years),To learn data science skills,Yes,Learner (1 Year or Less),Learner (1 Year or Less),None (0 Years),None (0 Years),Learner (1 Year or Less),TRUE,Excited to learn,Bachelors
223,8/28/2022,KU,Bachelors of commerce,Pakistan,Karachi,no,Sent,Pending,NA,"Social Media (Facebook, Whatsapp etc)",Male,33,Yes,None of them,None,Beginner (0 Years),I want to learn this programme to get better opportunity for me and the future of my family.,No,Beginner (0 Years),Beginner (0 Years),None (0 Years),None (0 Years),Beginner (0 Years),None,NA,Bachelors
224,8/28/2022,UET,Compute Science,Pakistan,Peshawar,no,Sent,Pending,NA,"Social Media (Facebook, Whatsapp etc)",Male,23,Yes,Data Science,Pyrhon c++,Learner (1 Year or Less),Enhanced my knowledge,No,Intermediate (2-3 Years),Learner (1 Year or Less),None (0 Years),Some (1 Year or Less),Learner (1 Year or Less),None,None,Bachelors
225,8/28/2022,VU,Compute Science,Pakistan,Chakwal,no,Sent,Pending,NA,"Social Media (Facebook, Whatsapp etc)",Female,39,No,Data Science,None,Beginner (0 Years),Learn new skill,No,Beginner (0 Years),Beginner (0 Years),None (0 Years),Some (1 Year or Less),Learner (1 Year or Less),None,NA,Masters
226,8/28/2022,Capital University,Electrical Engineering,Pakistan,Islamabad,no,Sent,Maybe,NA,"Social Media (Facebook, Whatsapp etc)",Male,28,Yes,All of them,"Python , JS",Learner (1 Year or Less),Career path in data science,No,Advanced (4+),Advanced (4+),None (0 Years),Intermediate (2-3 Years),Beginner (0 Years),None,Kindly select me,Masters
227,8/28/2022,UET,Mechanical Engineering,Germany,Koln,Yes,Sent,Pending,NA,"Social Media (Facebook, Whatsapp etc)",Male,25,Yes,Data Science,Python,Learner (1 Year or Less),I want to expand my knowledge skills and want to understand the intricacies of Data Science in order to get a job or internship in the field of Data Science,Yes,Beginner (0 Years),Intermediate (2-3 Years),None (0 Years),Intermediate (2-3 Years),Beginner (0 Years),TRUE,NA,Bachelors
228,8/28/2022,"University OF South Asia, Lahore",Telecommuincation,Canada,Guelph,no,Sent,Pending,NA,"Other Internet forums (e.g Datacamp, Kaggle) ",Male,37,No,Computer Science,Python,Beginner (0 Years),To Learn Data Science and Machine Learning,No,Learner (1 Year or Less),Learner (1 Year or Less),Some (1 Year or Less),Some (1 Year or Less),Learner (1 Year or Less),None,NA,Bachelors
229,8/29/2022,IBA,Compute Science,Pakistan,Karachi,no,Sent,Paid,NA,From a Friend,Female,19,Yes,Computer Science,NONE,Beginner (0 Years),BECAUSE I WANT TO PURSUE MY CAREER IN DATA SCIENCE,No,Beginner (0 Years),Learner (1 Year or Less),None (0 Years),None (0 Years),Beginner (0 Years),TRUE,I AM VERY INTERESTED IN THIS PLATFORM TO LEARN ABOUT IT.  IT WILL GIVE ME A DIRECTION TOWARDS MY GOAL.,Bachelors
230,8/29/2022,University of Malakand,Compute Science,Pakistan,"Batkhela, Malakand",no,Sent,Pending,NA,"Social Media (Facebook, Whatsapp etc)",Male,23,Yes,None of them,"Python, JavaScript",Learner (1 Year or Less),Perusing career as a Data scientist,No,Beginner (0 Years),Learner (1 Year or Less),None (0 Years),Some (1 Year or Less),Beginner (0 Years),TRUE,NA,Masters
231,8/22/2022,LUMS,Business Administration,Pakistan,Islamabad,No,Sent,Paid,Yes,"Social Media (Facebook, Whatsapp etc)",Male,30,No,Computer Science,None,Beginner (0 Years),I want to understand the field of data science and machine learning,No,Beginner (0 Years),Beginner (0 Years),None (0 Years),Some (1 Year or Less),Beginner (0 Years),TRUE,_,Masters
232,8/29/2022,University of SkÃ¶vde,Informatics,Sweden,Gohenberg,no,Sent,Pending,NA,Other,Female,34,Yes,All of them,Python . R,Learner (1 Year or Less),Professional  grooming,No,Intermediate (2-3 Years),Intermediate (2-3 Years),Some (1 Year or Less),Some (1 Year or Less),Learner (1 Year or Less),None,NA,PhD
233,8/29/2022,Arid university Rawalpindi,Bachelor of science in information technology,Pakistan,Islamabad,no,Sent,Pending,NA,"Social Media (Facebook, Whatsapp etc)",Male,24,No,Data Science,"Python, Java, R",Learner (1 Year or Less),To enhance my skills in Data Science,No,Learner (1 Year or Less),Learner (1 Year or Less),None (0 Years),Some (1 Year or Less),Learner (1 Year or Less),TRUE,NA,Bachelors
234,8/31/2022,Pak-Austria Fachhochschule Institute of Applied Sciences and Technology,Compute Science,Pakistan,Multan,NA,Sent,Pending,NA,"Social Media (Facebook, Whatsapp etc)",Male,22,Yes,Computer Science,"C++, Python",Learner (1 Year or Less),Building skillset in emerging technologies,Yes,Beginner (0 Years),Intermediate (2-3 Years),None (0 Years),Intermediate (2-3 Years),Beginner (0 Years),TRUE,Not any,Bachelors
235,8/24/2022,IOBM,Economics,Pakistan,Islamabad,Yes,Sent,Paid,Yes,"University Forums (Alumni,Senior, Career forums)",Male,22,No,Econometrics,None,Learner (1 Year or Less),Want to develop skills in data science,Yes,Beginner (0 Years),Beginner (0 Years),None (0 Years),None (0 Years),Learner (1 Year or Less),TRUE,NA,Bachelors
236,8/31/2022,GIFT University,Compute Science,Saudi Arabia,Hail,NA,Sent,Pending,NA,"Social Media (Facebook, Whatsapp etc)",Female,37,No,Data Science,"Python, Java",Learner (1 Year or Less),I have interest and want to opt the profession as a Data Scientist,Yes,Beginner (0 Years),Learner (1 Year or Less),None (0 Years),Some (1 Year or Less),Beginner (0 Years),TRUE,NA,Bachelors
237,8/25/2022,QU,Statistics,Pakistan,Sheikhupura,Yes,Sent,Paid,Yes,"Social Media (Facebook, Whatsapp etc)",Male,22,No,Statisitics,"R ,java",Learner (1 Year or Less),For gain skills,Yes,Learner (1 Year or Less),Beginner (0 Years),Some (1 Year or Less),None (0 Years),Learner (1 Year or Less),TRUE,This is very effective and very useful to gain knowledge about data science and machine learning and very useful to gain skills,Bachelors
238,8/31/2022,Mehran University of Engineering,Compute Science,Pakistan,Jamshoro,NA,Sent,Pending,NA,From a Friend,Male,21,Yes,None of them,Python,Learner (1 Year or Less),"To Develop my Skill, Learn and know about new technology and freelanccing",No,Beginner (0 Years),Learner (1 Year or Less),None (0 Years),Some (1 Year or Less),Beginner (0 Years),TRUE,NA,Bachelors
239,8/31/2022,National school of engineering of tunis,Industrial,Tunisia,Ariana,NA,Sent,Pending,NA,"Social Media (Facebook, Whatsapp etc)",Male,23,Yes,All of them,R python,Learner (1 Year or Less),Because i want to continue my career in this field,No,Learner (1 Year or Less),Learner (1 Year or Less),Some (1 Year or Less),Some (1 Year or Less),Learner (1 Year or Less),TRUE,NA,Masters
240,9/1/2022,Gomal University,Compute Science,Pakistan,D.I.Khan,NA,NA,NA,NA,"Social Media (Facebook, Whatsapp etc)",Male,40,Yes,Data Science,Python,Beginner (0 Years),To apply my Data Science knowledge.,No,Beginner (0 Years),Beginner (0 Years),None (0 Years),None (0 Years),Beginner (0 Years),TRUE,NA,PhD
241,9/1/2022,UAAR,BS GIS,Pakistan,Islamabad,NA,NA,NA,NA,Linkedin,Male,26,No,Computer Science,Python,Learner (1 Year or Less),GIS + AI = GEOAI,No,Learner (1 Year or Less),Learner (1 Year or Less),None (0 Years),Some (1 Year or Less),Beginner (0 Years),TRUE,AWESOME,Bachelors
242,9/1/2022,University of sindh,Compute Science,Pakistan,Karachi,NA,NA,NA,NA,Linkedin,Male,23,No,Data Science,Python,Learner (1 Year or Less),This is my goal & i love to work in this field,Yes,Beginner (0 Years),Learner (1 Year or Less),None (0 Years),Some (1 Year or Less),Beginner (0 Years),TRUE,NA,Bachelors
243,8/24/2022,QU,Statistics,Pakistan,Layyah,Yes,Sent,Paid,Yes,From a Friend,Female,21,No,Statisitics,R and Python,Beginner (0 Years),Learning about Python and R,Yes,Beginner (0 Years),Beginner (0 Years),None (0 Years),None (0 Years),Beginner (0 Years),TRUE,nope,Bachelors
244,9/3/2022,university of ottawa,Economics,Canada,Toronto,NA,NA,NA,NA,Cube Statiistica Employee,Male,Under 17,No,Econometrics,none,Beginner (0 Years),growth,Yes,Beginner (0 Years),Beginner (0 Years),None (0 Years),None (0 Years),Beginner (0 Years),none,NA,Bachelors
245,9/3/2022,IBA,Business Administration,Pakistan,Karachi,NA,NA,NA,NA,From a Friend,Male,21,Yes,All of them,I have nearly completed the specialization called Python for everybody,Beginner (0 Years),I aspire  to have a practical work experience for a career I have got immense motivation to pursue,Yes,Beginner (0 Years),Intermediate (2-3 Years),None (0 Years),None (0 Years),Beginner (0 Years),TRUE,NA,H.S.C
246,9/4/2022,IBA,Compute Science,Pakistan,Karachi,NA,NA,NA,NA,From a Friend,Male,21,Yes,Computer Science,Python & Java,Beginner (0 Years),I want to purse my career in the field of Data Sciences as after completing my recent course at Data Camp in the field of Data Analyst. I begin to find liking to this course. My passion is to build a software house that will be  providing data science solutions to other firms.,No,Beginner (0 Years),Intermediate (2-3 Years),None (0 Years),Intermediate (2-3 Years),Beginner (0 Years),TRUE,NA,Bachelors
247,9/7/2022,SZABIST,Compute Science,Pakistan,Karachi,NA,NA,NA,NA,From a Friend,Male,21,Yes,None of them,Python and java,Beginner (0 Years),Learning new skills,No,Beginner (0 Years),Learner (1 Year or Less),None (0 Years),Some (1 Year or Less),Beginner (0 Years),TRUE,NA,Bachelors
